Consignee,Address,City/State/Zip Code,Country,City ,State,Zip code
MDW2,250 EMERALD DR,"Joliet, IL 60433",US,Joliet,IL,60433
FTW1,33333 LBJ FWY,"Dallas, TX 75241",US,Dallas,TX,75241
SMF3,3923 S B ST,"Stockton, CA 95206",US,Stockton,CA,95206
LAS1,12300 Bermuda Road,"Henderson, NV 89044",US,Henderson,NV,89044
CLT2,10240 Old Dowd Rd,"Charlotte, NC 28214",US,Charlotte,NC,28214
ABE8,401 Independence Road,"Florence, NJ 08518",US,Florence,NJ,8518
MEM1,3292 E Holmes Rd,"Memphis, TN 38118",US,Memphis,TN,38118
GYR1,605 143rd Avenue,"Goodyear, AZ, 85338",US,Goodyear,AZ,85338
SLC1,777N 5600 W,"Salt Lake City, UT, 84116",US,Salt Lake City,UT,84116
SMF1,4900 W Elkhorn Blvd,"Sacramento, CA, 95835",US,Sacramento,CA,95835
MKE1,3501 120th Avenue,"Kenosha, WI, 53144",US,Kenosha,WI,53144
MSP1,2601 4th Avenue E,"Shakopee, MN, 55379",US,Shakopee,MN,55379
TEB9,601 Randolph Road,"Somerset, NJ, 00873",US,Somerset,NJ,873
PDX9,1250 NW Swigert Way,"Troutdale, OR, 97060",US,Troutdale,OR,97060
GEG1,10010 W Geiger Blvd,"Spokane, WA, 99224",US,Spokane,WA,99224
STL8,4000 Premier Pkwy,"St Charles, MO, 63301",US,St Charles,MO,63301
BWI2,2010 Broening Hwy,"Baltimore, MD, 21224",US,Baltimore,MD,21224
TUS2,6701 S Kolb Rd,"Tucson, AZ, 85756",US,Tucson,AZ,85756
ATL2,2255 W Park Pl. Blvd,"Stone Mountain, GA, 30087",US,Stone Mountain,GA,30087
DFW7,700 Westport Pkwy,"Fort Worth, TX, 76177",US,Fort Worth,TX,76177
MGE3,808 Hog Mountain Rd,"Jefferson, GA, 30549",US,Jefferson,GA,30549
JVL1,1255 Gateway Blvd,"Beloit, WI, 53511",US,Beloit,WI,53511
MIA1,14000 NW 37th Ave,"Opa-locka, FL, 33054",US,Opa-locka,FL,33054
DAL3,1301 Chalk Hill Rd,"Dallas, TX, 75212",US,Dallas,TX,75212
TPA1,3350 Laurel Ridge Ave,"Ruskin, FL, 33570",US,Ruskin,FL,33570
MCO1,12340 Boggy Creek Rd,"Orlando , FL, 32824",US,Orlando ,FL,32824
BFL1,1601 Petrol Road,"Bakersfield, CA, 93308",US,Bakersfield,CA,93308
SAT1,6000 Schertz Pkwy,"Schertz, TX, 78154",US,Schertz,TX,78154
BFI3,2700 Center Drive,"DuPont, WA, 98327",US,DuPont,WA,98327
TPA2,1760 County Line Rd,"Lakeland, FL, 33811",US,Lakeland,FL,33811
DEN3,14601 Grant St,"Thornton, CO, 80023",US,Thornton,CO,80023
CLT3,6500 Davidson Hwy,"Concord, NC, 28027",US,Concord,NC,28027
TPA2,1760 County Line Rd,"Lakeland, FL, 33811",US,Lakeland,FL,33811
ALB1,1835 US Route 1,"Castleton, NY, 12033",US,Castleton,NY,12033
GYR2,17341 W Minnezona Avenue,"Goodyear, AZ, 85395",US,Goodyear,AZ,85395
ACY1,240 Mantua Grove Road,"West Deptford, NJ, 08066",US,West Deptford,NJ,8066
GRR1,4500 68th Street SE,"Caledonia, MI, 49316",US,Caledonia,MI,49316
EWR4,50 New Canton Way,"Robbinsville, NJ, 08691",US,Robbinsville,NJ,8691
PHX5,16920 W Commerce Drive,"Goodyear, AZ, 85338",US,Goodyear,AZ,85338
RDU1,4851 Jones Sausage Road,"Garner, NC, 27529",US,Garner,NC,27529
RDG1,3563 Mountain Rd,"Hamburg, PA, 19526",US,Hamburg,PA,19526
BDL3,409 Washington Avenue,"North Haven, CT, 06473",US,North Haven,CT,6473
BFI4,21005 64th Avenue S,"Kent, WA, 98032",US,Kent,WA,98032
TPA3,676 C Fred Jones Blvd,"Auburndale, FL, 33823",US,Auburndale,FL,33823
DFW6,940 W Bethel Road,"Coppell, TX, 75019",US,Coppell,TX,75019
BWI4,165 Business Blvd,"Clear Brook, VA, 22624",US,Clear Brook,VA,22624
STL3,3200 E Sawyer Rd,"Republic, MO, 65738",US,Republic,MO,65738
GSP1,402 John Dodd Rd,"Spartanburg, SC, 29303",US,Spartanburg,SC,29303
IGQ2,23257 S. Central Avenue,"University Park, IL, 60484",US,University Park,IL,60484
CHA2,225 Infinity Dr NW,"Charleston , TN, 37310",US,Charleston ,TN,37310
FAT1,3575 S. Orange Avenue,"Fresno, CA, 93725",US,Fresno,CA,93725
SAT2,1401 E Mccarty Lane,"San Marcos, TX, 78666",US,San Marcos,TX,78666
CLE2,21500 Emery rd,"Randall, OH, 44128",US,Randall,OH,44128
FTW6,2601 W Bethel Road,"Grapevine, TX, 76051",US,Grapevine,TX,76051
BOI2,5295 E Franklin Rd,"Nappa, ID, 83867",US,Nappa,ID,83867
FTW5,1475 Akron Way,"Forney, TX, 75126",US,Forney,TX,75126
PHX7,800 N 75th Ave,"Phoenix, AZ, 85043",US,Phoenix,AZ,85043
GEG2,18007 Garland Ave,"Spokane Valley, WA, 99216",US,Spokane Valley,WA,99216
SUHB,4675 Appaloosa Dr,"Irondale, AL, 35210",US,Irondale,AL,35210
SUHD,4675 Appaloosa Drive,"Irondale, AL, 35210",US,Irondale,AL,35210
MOB9,6735 Trippel Rd.,"Theodore, AL, 36582",US,Theodore,AL,36582
PHX5,16920 W Commerce Drive,"Goodyear, AZ, 85338-3620",US,Goodyear,AZ,85338-3620
PHX3,6835 West Buckeye Road,"Phoenix, AZ, 85043-4428",US,Phoenix,AZ,85043-4428
PHX7,800 N 75th Ave,"Phoenix, AZ, 85043-2101",US,Phoenix,AZ,85043-2101
PHX6,4750 West Mohave St,"Phoenix, AZ, 85043-8305",US,Phoenix,AZ,85043-8305
TFC1,5050 West Mohave St,"Phoenix, AZ, 85043-8305",US,Phoenix,AZ,85043-8305
XUSH,7037 West Van Buren Street,"Phoenix, AZ, 85043-3313",US,Phoenix,AZ,85043-3313
AZA6,2150 East Riverview Drive,"Phoenix, AZ, 85034",US,Phoenix,AZ,85034
TUS1,5333 W. Lower Buckeye Road,"Phoenix, AZ, 85043",US,Phoenix,AZ,85043
TAZ1,500 S 48th St,"Phoenix, AZ, 85034",US,Phoenix,AZ,85034
SUPR,9414 E San Salvador Dr,"Scottsdale, AZ, 85258",US,Scottsdale,AZ,85258
SUBJ,1104 W Geneva Dr,"Tempe, AZ, 85281",US,Tempe,AZ,85281
SUBW,1104 W Geneva Dr,"Tempe, AZ, 85281",US,Tempe,AZ,85281
PHX9,777 S 79th Ave,"Tolleson, AZ, 85353-3140",US,Tolleson,AZ,85353-3140
XUSO,657 Nance Street,"Perris, CA, 92571",US,Perris,CA,92571
OAK8,1 Middleton Way,"American Canyon, CA, 94503",US,American Canyon,CA,94503
BEK1,2495 Bancroft Way Room 235,"Berkeley, CA, 94720",US,Berkeley,CA,94720
SUPL,587 Apollo St,"Brea, CA, 92821",US,Brea,CA,92821
SUFD,587 Apollo St,"Brea, CA, 92821",US,Brea,CA,92821
SUFC,587 Apollo St,"Brea, CA, 92821",US,Brea,CA,92821
SJC9,1455 valley drive,"Brisbane, CA, 94005",US,Brisbane,CA,94005
TCA0,455 Valley Drive,"Brisbane, CA, 94005",US,Brisbane,CA,94005
SUPE,7886 Deering Ave.,"Canoga Park, CA, 91304",US,Canoga Park,CA,91304
VUKF,18120 Bishop Ave,"Carson, CA, 90746-4032",US,Carson,CA,90746-4032
SUNC,1113 E 230th Street,"Carson, CA, 90745",US,Carson,CA,90745
SUAR,9207 Eton Avenue Unit B,"Chatsworth, CA, 91311",US,Chatsworth,CA,91311
SUPK,9851 Owensmouth Ave,"Chatsworth, CA, 91311",US,Chatsworth,CA,91311
XBC1,15750 Mountain Avenue,"Chino, CA, 91708",US,Chino,CA,91708
SUOK,437 Baldwin Park Blvd,"City of Industry, CA, 91746",US,City of Industry,CA,91746
DAV1,1 Shields Ave,"Davis, CA, 95616-8662",US,Davis,CA,95616-8662
SUJB,706 North Diamond Bar Blvd,"Diamond Bar, CA, 91765",US,Diamond Bar,CA,91765
LGB3,4950 Goodman way,"Eastvale, CA, 92880",US,Eastvale,CA,92880
SNA6,5250 Goodman Road,"Eastvale, CA, 92880",US,Eastvale,CA,92880
SNA9,5250 Goodman Road,"Eastvale, CA, 92880",US,Eastvale,CA,92880
VUWC,4700 E Nestle Purina Ave,"Flagstaff, CA, 86004",US,Flagstaff,CA,86004
VUBG,8365 Sultana Ave,"Fontana, CA, 92335",US,Fontana,CA,92335
VUPQ,9211 Kaiser Way,"Fontana, CA, 92335",US,Fontana,CA,92335
VUBH,9950 Calabash Ave,"Fontana, CA, 92335-5210",US,Fontana,CA,92335-5210
SUPI,2325 Raymer Avenue,"Fullerton, CA, 92833",US,Fullerton,CA,92833
SUHW,2325 Raymer Ave,"Fullerton, CA, 92833",US,Fullerton,CA,92833
XFI1,6351 Cameron Boulevard,"Gilroy, CA, 95020",US,Gilroy,CA,95020
SUOO,16792 Burke Lane,"Huntington Beach, CA, 92647",US,Huntington Beach,CA,92647
SUSH,16792 Burke Lane,"Huntington Beach, CA, 92647",US,Huntington Beach,CA,92647
IRV1,4139 Campus Drive,"Irvine, CA, 92612",US,Irvine,CA,92612
TCA4,2006 McGaw Avenue,"Irvine, CA, 92614",US,Irvine,CA,92614
CSD1,9500 Gilman Drive #0102,"La Jolla, CA, 92093",US,La Jolla,CA,92093
LGB1,"2417 E. Carson, St.","Long Beach, CA, 90810",US,Long Beach,CA,90810
LGB2,6049 E 7th St,"Long Beach, CA, 90840",US,Long Beach,CA,90840
SUOQ,3700 Cover St,"Long Beach, CA, 90808",US,Long Beach,CA,90808
BUR2,925 Westwood Boulevard,"Los Angeles, CA, 90024",US,Los Angeles,CA,90024
HCA3,3334 N San Fernando Rd Bldg E,"Los Angeles, CA, 90065-1417",US,Los Angeles,CA,90065-1417
LAX6,5119 District Blvd,"Los Angeles, CA, 90058",US,Los Angeles,CA,90058
TCA5,3334 N San Fernando Rd Bldg E,"Los Angeles, CA, 90065",US,Los Angeles,CA,90065
UCA5,3334 N. San Fernando Road,"Los Angeles, CA, 90065",US,Los Angeles,CA,90065
ABE7,12510 Micro Dr,"Mira Loma, CA, 91752",US,Mira Loma,CA,91752
VUGE,3450 Dulles Dr,"Mira Loma, CA, 91752-3242",US,Mira Loma,CA,91752-3242
VUWE,736 Garner Rd,"Modesto, CA, 95357",US,Modesto,CA,95357
ONT6,24208 San Michele Rd,"Moreno Valley, CA, 92551",US,Moreno Valley,CA,92551
ONT8,24300 Nandina Ave,"Moreno Valley, CA, 92551",US,Moreno Valley,CA,92551
VUPG,16110 Cosmos Street,"Moreno Valley, CA, 92551",US,Moreno Valley,CA,92551
OAK7,38811 Cherry St,"Newark, CA, 94560",US,Newark,CA,94560
SUBV,810 E 8th St,"Oakland, CA, 94606",US,Oakland,CA,94606
SUAM,5400 Ontario Mills Parkway,"Ontario, CA, 91764",US,Ontario,CA,91764
XLAA,5691 E Philadelphia,"Ontario, CA, 91761",US,Ontario,CA,91761
SUAC,100 S Wineville Ave,"Ontario, CA, 91761",US,Ontario,CA,91761
VUVB,2053 East Jay St,"Ontario, CA, 91764",US,Ontario,CA,91764
SUJF,100 S Wineville Ave,"Ontario, CA, 91761",US,Ontario,CA,91761
VUWH,5725 Jurupa St,"Ontario, CA, 91761",US,Ontario,CA,91761
OAK3,255 Park Center Drive,"Patterson, CA, 95363-8876",US,Patterson,CA,95363-8876
VUGK,4120 Indian Ave,"Perris, CA, 92571-7413",US,Perris,CA,92571-7413
VUTD,8291 Milliken Avenue,"Rancho Cucamonga, CA, 91730",US,Rancho Cucamonga,CA,91730
LAX8,30142 Avenida De Las Banderas,"Rancho Santa Margarita, CA, 92688-2116",US,Rancho Santa Margarita,CA,92688-2116
ONT9,2125 West San Bernardino Ave,"Redlands, CA, 92374",US,Redlands,CA,92374
LGB4,27517 Pioneer Avenue,"Redlands, CA, 92374",US,Redlands,CA,92374
VUPX,2300 W San Bernardino Ave,"Redlands, CA, 92374",US,Redlands,CA,92374
XUSV,2255 W. Lugonia Avenue,"Redlands, CA, 92374-5049",US,Redlands,CA,92374-5049
TCA2,2400 Marine Avenue,"Redondo Beach, CA, 90278",US,Redondo Beach,CA,90278
SNA4,2496 W Walnut Ave,"Rialto, CA, 92376-3009",US,Rialto,CA,92376-3009
XUSJ,1590 Tamarind Ave,"Rialto, CA, 92376",US,Rialto,CA,92376
LGB8,1568 N Linden Ave,"Rialto, CA, 92376",US,Rialto,CA,92376
VUMD,548 W Merrill Ave,"Rialto, CA, 92376-9101",US,Rialto,CA,92376-9101
LGB6,20901 Krameria Ave,"Riverside, CA, 92518",US,Riverside,CA,92518
SMF1,4900 W Elkhorn Blvd,"Sacramento, CA, 95837",US,Sacramento,CA,95837
TCA9,2934 Ramona Ave,"Sacramento, CA, 95826",US,Sacramento,CA,95826
SNA7,555 East Orange Show Rd,"San Bernadino, CA, 92408",US,San Bernadino,CA,92408
SNA8,555 East Orange Show Rd,"San Bernadino, CA, 92408",US,San Bernadino,CA,92408
XIX2,2020 E Central Ave,"San Bernardino, CA, 92408-0123",US,San Bernardino,CA,92408-0123
ONT2,1910 E Central Ave,"San Bernardino, CA, 92408-0123",US,San Bernardino,CA,92408-0123
ONT4,1910 E Central Ave,"San Bernardino, CA, 92408-0123",US,San Bernardino,CA,92408-0123
ONT7,2020 E Central Ave,"San Bernardino, CA, 92408-2606",US,San Bernardino,CA,92408-2606
PCA2,4501 PATTERSON AVE,"PERRIS, CA, 92571-9722",US,PERRIS,CA,92571-9722
VUBJ,1456 Harry Shepard Blvd,"San Bernardino, CA, 92408",US,San Bernardino,CA,92408
SUBA,2215 Paseo De Las Americas,"San Diego, CA, 92154",US,San Diego,CA,92154
TCA6,2727 Kurtz St,"San Diego, CA, 92110",US,San Diego,CA,92110
HCA6,2821 MARION DR,"Las Vegas, NV, 89115-3423",US,Las Vegas,NV,89115-3423
RELO,201 Spear St,"San Francisco, CA, 94105-1630",US,San Francisco,CA,94105-1630
TCA1,888 Tennessee St,"San Francisco, CA, 94107",US,San Francisco,CA,94107
XUSD,1909 Zephyr St,"Stockton, CA, 95206",US,Stockton,CA,95206
XLAG,2115 S Sinclair Ave,"Stockton, CA, 95215",US,Stockton,CA,95215
TCA7,222 Commercial St,"Sunnyvale, CA, 94085",US,Sunnyvale,CA,94085
VUKJ,19270 S. Western Avenue,"Torrance, CA, 90501",US,Torrance,CA,90501
OAK6,1350 N. MacArthur Drive,"Tracy, CA, 95304-9370",US,Tracy,CA,95304-9370
OAK4,1555 N. Chrisman Rd,"Tracy, CA, 95304-9370",US,Tracy,CA,95304-9370
PCA1,7700 W Fillmore St,"Phoenix, AZ, 85043-2101",US,Phoenix,AZ,85043-2101
SJC7,188 Mountain House Parkway,"Tracy, CA, 95391",US,Tracy,CA,95391
VUBD,17182 Nevada Avenue,"Victorville, CA, 92345",US,Victorville,CA,92345
VUWA,13243 Nutro Way,"Victorville, CA, 92395",US,Victorville,CA,92395
SUFA,8246 W. Mineral King Ave.,"Visalia, CA, 93291",US,Visalia,CA,93291
SUAK,1170 Centre Drive,"Walnut, CA, 91789",US,Walnut,CA,91789
SMF2,2935 Ramco St.,"West Sacramento, CA, 95691",US,West Sacramento,CA,95691
VUMX,241 E Pacific Coast Hwy,"Wilmington, CA, 90744-2920",US,Wilmington,CA,90744-2920
HCA7,5119 District Blvd,"Vernon, CA, 90058-5512",US,Vernon,CA,90058-5512
FAT1,3575 S. Orange Ave.,"Fresno, CA, 93725",US,Fresno,CA,93725
PCA3,10681 Production Ave,"Fontana, CA, 92337-8006",US,Fontana,CA,92337-8006
SMF3,3923 B St.,"Stockton, CA, 95206",US,Stockton,CA,95206
IST1,455 Valley Drive,"BRISBANE, CA, 94005",US,BRISBANE,CA,94005
SMF9,300 Crocker Dr,"Vacaville, CA, 95688",US,Vacaville,CA,95688
HCA8,1350 N. MacArthur Drive,"Tracy, CA, 95304",US,Tracy,CA,95304
DEN2,22205 East 19th Ave,"Aurora, CO, 80019",US,Aurora,CO,80019
UCO2,3434 47th Street,"Boulder, CO, 80301",US,Boulder,CO,80301
SUHQ,4635 NAUTILUS CT S,"Boulder, CO, 80301",US,Boulder,CO,80301
XLAK,18875 E BROMLEY LN,"BRIGHTON, CO, 80601",US,BRIGHTON,CO,80601
DEN6,480 E 55th Ave,"Denver, CO, 80216",US,Denver,CO,80216
UCO1,480 E. 55th Avenue,"Denver, CO, 80216",US,Denver,CO,80216
TCO1,480 E 55th Avenue,"Denver, CO, 80216",US,Denver,CO,80216
SUEA,"1821 Lefthand Circle, Unit D","Longmont, CO, 80501",US,Longmont,CO,80501
DEN3,14601 Grant St.,"Thornton, CO, 80023",US,Thornton,CO,80023
LGB7,1660 N. Linden Avenue,"Rialto, CA, 92376",US,Rialto,CA,92376
SUJD,47 Industrial Park Rd,"Centerbrook, CT, 6409",US,Centerbrook,CT,6409
CON1,40 Wilbur Cross Way,"Mansfield, CT, 6268",US,Mansfield,CT,6268
BDL2,200 Old Iron Ore Rd,"Windsor, CT, 6095",US,Windsor,CT,6095
BDL1,200 Old Iron Ore Rd,"Windsor, CT, 6095",US,Windsor,CT,6095
PHL7,560 Merrimac Ave,"Middletown, DE, 19709-4652",US,Middletown,DE,19709-4652
PHL1,1 Centerpoint Blvd.,"New Castle, DE, 19720-4172",US,New Castle,DE,19720-4172
PHL3,1600 Johnson W ay,"New Castle, DE, 19720-8111",US,New Castle,DE,19720-8111
SUPP,230 Centerpoint BLVD,"New Castle, DE, 19720",US,New Castle,DE,19720
SUPQ,230 Centerpoint BLVD,"New Castle, DE, 19720",US,New Castle,DE,19720
SUHC,18 Dixon St,"Selbyville, DE, 19975",US,Selbyville,DE,19975
SUHS,18 Dixon St,"Selbyville, DE, 19975",US,Selbyville,DE,19975
PFL1,1001 13th Avenue East,"Bradenton, FL, 34208-2656",US,Bradenton,FL,34208-2656
JAX2,12900 Pecan Park Road,"Jacksonville, FL, 32218",US,Jacksonville,FL,32218
JAX3,13333 103rd Street,"Jacksonville, FL, 32221",US,Jacksonville,FL,32221
SUPD,8320 Baycenter Rd,"Jacksonville, FL, 32256",US,Jacksonville,FL,32256
TPA2,1760 County Line Rd.,"Lakeland, FL, 33811",US,Lakeland,FL,33811
MIA6,3200 NW 67th Avenue,"Miami, FL, 33122",US,Miami,FL,33122
TFL2,101 NE 23rd Street,"Miami, FL, 33137",US,Miami,FL,33137
UFL2,101 NE 23rd Street,"Miami, FL, 33137",US,Miami,FL,33137
MIA7,1900 NW 132nd Place,"Miami, FL, 33182",US,Miami,FL,33182
SUJC,325 NW 28TH ST,"Miami, FL, 33127",US,Miami,FL,33127
SUJA,325 NW 28TH ST,"Miami, FL, 33127",US,Miami,FL,33127
MIA1,14000 NW 37th Avenue,"Opa-Locka, FL, 33054",US,Opa-Locka,FL,33054
CFL1,4225 East Plaza Drive,"Orlando, FL, 32816",US,Orlando,FL,32816
XUSF,901 West Landstreet Road,"Orlando, FL, 32824",US,Orlando,FL,32824
MCO6,800 ARLINGTON BLVD,"SWEDESBORO, NJ, 08085-2594",US,SWEDESBORO,NJ,08085-2594
TFL4,7469 Kingspointe Parkway,"ORLANDO, FL, 32819",US,ORLANDO,FL,32819
SUAV,8870 Boggy Creek Rd,"Orlando, FL, 32824",US,Orlando,FL,32824
SUAW,8870 Boggy Creek Rd,"Orlando, FL, 32824",US,Orlando,FL,32824
SUAQ,8870 Boggy Creek Rd,"Orlando, FL, 32824",US,Orlando,FL,32824
SUBT,7070 NW 75th St,"Parkland, FL, 33067",US,Parkland,FL,33067
TPA1,3350 Laurel Ridge Ave,"Ruskin, FL, 33570",US,Ruskin,FL,33570
SUOD,121 Kelsey Ln,"Tampa, FL, 33619-4348",US,Tampa,FL,33619-4348
UFL3,4430 East Adamo,"Tampa, FL, 33605",US,Tampa,FL,33605
TFL3,4430 E ADAMO DR,"Tampa, FL, 33605",US,Tampa,FL,33605
SUBI,2213 VISTA PKWY,"West Palm Beach, FL, 33411",US,West Palm Beach,FL,33411
SUBU,2213 VISTA PKWY,"West Palm Beach, FL, 33411",US,West Palm Beach,FL,33411
CLE3,1155 Babbitt Road,"Euclid, OH, 44132-2703",US,Euclid,OH,44132-2703
MCO1,12340 Boggy Creek Rd,"Orlando, FL, 32824",US,Orlando,FL,32824
SUGE,5975 Shiloh Road,"Alpharetta, GA, 30005",US,Alpharetta,GA,30005
SUAX,394 COMMERCE BLVD,"Athens, GA, 30606",US,Athens,GA,30606
GAT1,86 5th St NW,"Atlanta, GA, 30308",US,Atlanta,GA,30308
PGA1,429 Toy Wright Rd,"Jefferson, GA, 30549-1614",US,Jefferson,GA,30549-1614
TJA2,2302 MARIETTA BLVD NW,"Atlanta, GA, 30318",US,Atlanta,GA,30318
SUOL,305 Bucknell Court,"Atlanta, GA, 30336",US,Atlanta,GA,30336
VUGH,7875 White Road,"Austell, GA, 30168",US,Austell,GA,30168
VUGO,300 Interstate West Parkway,"Austell, GA, 30168",US,Austell,GA,30168
SUAG,150 Leo Taylor Ln,"Ball Ground, GA, 30107",US,Ball Ground,GA,30107
MGE1,650 Broadway Avenue,"Braselton, GA, 30517",US,Braselton,GA,30517
MGE7,650 Braselton Avenue,"Braselton, GA, 30517",US,Braselton,GA,30517
ATL9,2232 Northmont Parkway,"Duluth, GA, 30096",US,Duluth,GA,30096
VUKG,3201 Centre Parkway,"East Point, GA, 30344",US,East Point,GA,30344
SAV1,Georgia Ports Authority,"Garden City, GA, 31408",US,Garden City,GA,31408
MGE3,808 Hog Mountain Road,"Jefferson, GA, 30549",US,Jefferson,GA,30549
UGA3,2160 Breckinridge Blvd Bldg 100,"Lawrenceville, GA, 30043",US,Lawrenceville,GA,30043
ATL8,2201 Thornton Road,"Lithia Springs, GA, 30122-3895",US,Lithia Springs,GA,30122-3895
VUPY,2501 Rockhouse Road,"Lithia Springs, GA, 30122",US,Lithia Springs,GA,30122
SAV3,7001 Skipper Rd,"Macon, GA, 31216",US,Macon,GA,31216
VUOJ,250 Declaration Avenue,"McDonough, GA, 30253",US,McDonough,GA,30253
VUPN,340 Westridge Parkway,"McDonough, GA, 30253",US,McDonough,GA,30253
XLAH,580 Raco Pkwy,"Pendergrass, GA, 30567",US,Pendergrass,GA,30567
VUTE,1020 SH Morgan Pkwy,"Pooler, GA, 31322",US,Pooler,GA,31322
SUNB,320 Telfair Rd,"Savannah, GA, 31415",US,Savannah,GA,31415
SULE,100 Solutions Parkway,"Thomaston, GA, 30286",US,Thomaston,GA,30286
ATL7,6855 Shannon Pkwy,"Union City, GA, 30291-2091",US,Union City,GA,30291-2091
VUAT,6855 Shannon Pkwy,"Union City, GA, 30291",US,Union City,GA,30291
VUPK,6720 Oakley Industrial Blvd,"Union City, GA, 30291",US,Union City,GA,30291
HGA3,2160 Breckenridge Blvd,"Lawrenceville, GA, 30043",US,Lawrenceville,GA,30043
MDW9,2865 Duke parkway,"Aurora, IL, 60563",US,Aurora,IL,60563
XUSN,4200 Ferry Rd,"Aurora, IL, 60502",US,Aurora,IL,60502
SUON,1703 S Veterans Pkwy,"Bloomington, IL, 61701",US,Bloomington,IL,61701
CMI1,809S Wright Street,"Champaign, IL, 61820",US,Champaign,IL,61820
CHI3,2720 N Clark St,"Chicago, IL, 60614",US,Chicago,IL,60614
HIL1,1111 Cherry Street,"Chicago, IL, 60642",US,Chicago,IL,60642
HIL2,1111 N Cherry Ave,"Chicago, IL, 60642-4204",US,Chicago,IL,60642-4204
CHI1,750 S Halsted St,"Chicago, IL, 60607",US,Chicago,IL,60607
TIL1,1111 N Cherry Ave,"Chicago, IL, 60642",US,Chicago,IL,60642
SUGD,6033 N Sheridan Rd,"Chicago, IL, 60660",US,Chicago,IL,60660
STL4,3050 Gateway Commerce Center DR S,"Edwardsville, IL, 62025-2815",US,Edwardsville,IL,62025-2815
STL6,3931 Lakeview Corporate Drive,"Edwardsville, IL, 62025",US,Edwardsville,IL,62025
STL7,3931 Lakeview Corporate Drive,"Edwardsville, IL, 62025",US,Edwardsville,IL,62025
VUPS,3049 Westway Drive,"Edwardsville, IL, 62025",US,Edwardsville,IL,62025
VUOK,21837 W. Mississippi Ave,"Elwood, IL, 60421",US,Elwood,IL,60421
XIX1,18 APPLEGATE DR,"ROBBINSVILLE, NJ, 8691",US,ROBBINSVILLE,NJ,8691
KIL1,3900 S Brandon Rd,"Elwood, IL, 60421",US,Elwood,IL,60421
SUEJ,9462 Franklin Avenue,"Franklin Park, IL, 60131",US,Franklin Park,IL,60131
MDW2,250 Emerald Drive,"Joliet, IL, 60433",US,Joliet,IL,60433
MDW4,201 EMERALD DR,"JOLIET, IL, 60433-3281",US,JOLIET,IL,60433-3281
PIL1,1615 COMMERCE PKWY N,"HORN LAKE, MS, 38637-2313",US,HORN LAKE,MS,38637-2313
MDW7,6605 Monee Manhattan Road,"Monee, IL, 60449",US,Monee,IL,60449
SUAP,23824 W. Andrew Rd.,"Plainfield, IL, 60585",US,Plainfield,IL,60585
MDW6,1125 W REMINGTON BLVD,"ROMEOVILLE, IL, 60446-6529",US,ROMEOVILLE,IL,60446-6529
XLAB,1701 Normantown Rd,"Romeoville, IL, 60446",US,Romeoville,IL,60446
SUPG,3725 Swenson Rd,"St Charles, IL, 60174",US,St Charles,IL,60174
MDW8,1750 Bridge Drive,"Waukegan, IL, 60085",US,Waukegan,IL,60085
SUSF,840 Wheeling Rd,"Wheeling, IL, 60090",US,Wheeling,IL,60090
ORD6,1250 N Mittel Blvd,"Wood Dale, IL, 60191",US,Wood Dale,IL,60191
UIL2,1250 N Mittel Blvd,"Wood Dale, IL, 60191",US,Wood Dale,IL,60191
ICT1,1250 N Mittel Blvd,"Wood Dale, IL, 60191",US,Wood Dale,IL,60191
SUEI,8 GALAXY WAY,"Woodstock, IL, 60098",US,Woodstock,IL,60098
SUOJ,1615 Fletcher Ave,"FORT WAYNE, IN, 46803",US,FORT WAYNE,IN,46803
VUHA,700 Chase Street,"Gary, IN, 46404",US,Gary,IN,46404
VUMC,650 Commerce Pkwy W Drive,"Greenwood, IN, 46143",US,Greenwood,IN,46143
IND7,9101 Orly Drive,"Indianapolis, IN, 46241-9605",US,Indianapolis,IN,46241-9605
IND4,710 S. Girls School Rd,"Indianapolis, IN, 46231-1132",US,Indianapolis,IN,46231-1132
PIN1,5510 EXPLORATION DR,"Indianapolis, IN, 46241-9007",US,Indianapolis,IN,46241-9007
TIN1,710 S. Girls School Road,"Indianapolis, IN, 46231",US,Indianapolis,IN,46231
PISA,900 Patrol Rd,"Jeffersonville, IN, 47130-7716",US,Jeffersonville,IN,47130-7716
SDF8,900 Patrol Rd,"Jeffersonville, IN, 47130-7716",US,Jeffersonville,IN,47130-7716
VUQF,2100 Innovation Blvd,"Mooresville, IN, 46158",US,Mooresville,IN,46158
VUQD,3101 IN-62,"Mt Vernon, IN, 47620",US,Mt Vernon,IN,47620
VUQH,381 Airtech Pkwy,"Plainfeild, IN, 46168",US,Plainfeild,IN,46168
IND2,715 Airtech Pkwy,"Plainfield, IN, 46168-7442",US,Plainfield,IN,46168-7442
IND3,715 Airtech Parkway Suite 195,"Plainfield, IN, 46032",US,Plainfield,IN,46032
IND5,800 Perry Road,"Plainfield, IN, 46168-7637",US,Plainfield,IN,46168-7637
PUR1,1198 Third Street,"West Lafayette, IN, 47907",US,West Lafayette,IN,47907
IND1,4255 Anson Blvd,"Whitestown, IN, 46075-4412",US,Whitestown,IN,46075-4412
XUSE,5490 Industrial Court,"Whitestown, IN, 46075",US,Whitestown,IN,46075
LAS7,6001 East Tropical Parkway,"North Las Vegas, NV, 89115",US,North Las Vegas,NV,89115
IND8,712 S. Girls School Rd.,"Marion, IN, 46231",US,Marion,IN,46231
TUL1,2654 North Highway 169,"Coffeyville, KS, 67337-9254",US,Coffeyville,KS,67337-9254
MKC4,19645 Waverly Rd,"Edgerton, KS, 66021-9588",US,Edgerton,KS,66021-9588
XUSK,31450 W 196th St.,"Edgerton, KS, 66021",US,Edgerton,KS,66021
MKC6,6925 Riverview Avenue,"Kansas City, KS, 66102",US,Kansas City,KS,66102
MCI7,27200 W157th St,"New Century, KS, 66031",US,New Century,KS,66031
SDF1,1050 South Columbia,"Campbellsville, KY, 42718-2454",US,Campbellsville,KY,42718-2454
IVSA,4620 Olympic Blvd,"Erlanger, KY, 41018",US,Erlanger,KY,41018
CVG8,7968 Kentucky Drive,"Florence, KY, 41042",US,Florence,KY,41042
SUDA,8179 Dixie Hwy,"Florence, KY, 41042",US,Florence,KY,41042
SUDB,8179 Dixie Highway,"Florence, KY, 41042",US,Florence,KY,41042
IVSB,3521 Point Pleasant Rd,"Hebron, KY, 41048",US,Hebron,KY,41048
PICV,1155 Worldwide Blvd,"Hebron, KY, 41048",US,Hebron,KY,41048
SUAA,1201 Aviation Blvd,"Hebron, KY, 41048",US,Hebron,KY,41048
CVG7,2285 Litton Lane,"Hebron, KY, 41048-8435",US,Hebron,KY,41048-8435
CVG2,1600 Worldwide Blvd.,"Hebron, KY, 41048-8640",US,Hebron,KY,41048-8640
CVG3,3680 Langley Dr.,"Hebron, KY, 41048-9135",US,Hebron,KY,41048-9135
CVG1,1155 Worldwide Blvd.,"Hebron, KY, 41048-8640",US,Hebron,KY,41048-8640
SU2A,1201 Aviation Blvd,"Hebron, KY, 41048",US,Hebron,KY,41048
LEX2,172 Trade St.,"Lexington, KY, 40511-2607",US,Lexington,KY,40511-2607
LEX1,1850 Mercer Drive,"Lexington, KY, 40511-1013",US,Lexington,KY,40511-1013
SUBH,"817 Winchester Rd, Suite 130","Lexington, KY, 40505",US,Lexington,KY,40505
SDF2,4360 Robards Ln,"Louisville, KY, 40218-4512",US,Louisville,KY,40218-4512
SUSA,7201 Intermodal Dr,"Louisville, KY, 40258",US,Louisville,KY,40258
VUVC,2500 Export Dr,"Louisville, KY, 40219",US,Louisville,KY,40219
PISB,376 Zappos.com Blvd,"Shepherdsville, KY, 40165",US,Shepherdsville,KY,40165
PISC,271 Omega Parkway,"Shepherdsville, KY, 40165",US,Shepherdsville,KY,40165
SDF9,100 W. Thomas P. Echols Lane,"Shepherdsville, KY, 40165",US,Shepherdsville,KY,40165
SDF6,271 Omega Pkwy,"Shepherdsville, KY, 40165-8505",US,Shepherdsville,KY,40165-8505
SDF4,376 Zappos.com Blvd,"Shepherdsville, KY, 40165-8556",US,Shepherdsville,KY,40165-8556
MAS1,220 Campus Center,"Amherst, MA, 1003",US,Amherst,MA,1003
TMA3,30 Northampton Street,"Boston, MA, 2118",US,Boston,MA,2118
UMA3,30 Northampton Street,"Boston, MA, 2118",US,Boston,MA,2118
BOS8,870 Commonwealth Ave,"Brookline, MA, 2215",US,Brookline,MA,2215
SUSL,153 Washington St,"East Walpole, MA, 2032",US,East Walpole,MA,2032
SUSK,153 Washington St,"East Walpole, MA, 2032",US,East Walpole,MA,2032
BOS6,201 Beacham St,"Everett, MA, 02149-5518",US,Everett,MA,02149-5518
BOS7,1180 Innovation Way,"Fall River, MA, 2722",US,Fall River,MA,2722
SUHM,142 Franklin St,"Melrose, MA, 1276",US,Melrose,MA,1276
BOS9,750 Everett St,"Norwood, MA, 02062-2618",US,Norwood,MA,02062-2618
XUSL,610 Chelsea Rd,"Aberdeen, MD, 21001",US,Aberdeen,MD,21001
XUSM,610 Chelsea Road,"Aberdeen, MD, 21001",US,Aberdeen,MD,21001
XUSP,XUSP - 3PL Kuehne-Nagel,"Aberdeen, MD, 21001",US,Aberdeen,MD,21001
BWI2,2010 Broening Hwy.,"Baltimore, MD, 21224",US,Baltimore,MD,21224
TMD1,5501 Holabird Ave,"Baltimore, MD, 21224",US,Baltimore,MD,21224
44621,"4200 Guilford Dr, Suite B1","College Park, MD, 20740",US,College Park,MD,20740
MDT2,600 Principio Parkway West,"North East, MD, 21901",US,North East,MD,21901
SUOC,8750 Larkin Rd,"Savage, MD, 20763-3200",US,Savage,MD,20763-3200
DCA1,1700 Sparrows Point Boulevard,"Sparrows Point, MD, 21219",US,Sparrows Point,MD,21219
SUHX,104A GLENN ST,"LAWRENCE, ME, 1843",US,LAWRENCE,ME,1843
SUSI,7194 Big Sky Drive Suite 5,"Holly, MI, 48442",US,Holly,MI,48442
SUTA,4503 Airwest DR SE,"Kentwood, MI, 49512",US,Kentwood,MI,49512
DET1,39000 Amrhein Road,"Livonia, MI, 48150",US,Livonia,MI,48150
XUSR,5425 Dixie Highway,"Saginaw, MI, 48601",US,Saginaw,MI,48601
DET2,50500 Mound Rd,"Shelby Charter Township, MI, 48317",US,Shelby Charter Township,MI,48317
UMI2,999 Chicago Road,"Troy, MI, 48083",US,Troy,MI,48083
SUHH,45410 Van Dyke,"Utica, MI, 48314",US,Utica,MI,48314
DTW1,32801 Ecorse Rd.,"Romulus, MI, 48174",US,Romulus,MI,48174
SUHV,10335 Naples ST NE,"Blaine, MN, 55449",US,Blaine,MN,55449
SUVA,8933 Lyndale Ave S,"Bloomington, MN, 55420",US,Bloomington,MN,55420
MIN1,311 SE Harvard Street,"Minneapolis, MN, 55414",US,Minneapolis,MN,55414
TMN1,763 Kasota Ave,"Minneapolis, MN, 55414",US,Minneapolis,MN,55414
MSP1,2601 4th Avenue East,"Shakopee, MN, 55379",US,Shakopee,MN,55379
VUPU,14916 STATE HIGHWAY 177,"Jackson, MO, 63755",US,Jackson,MO,63755
VUPV,2001 Premier Pkwy,"Saint Peters, MO, 63376",US,Saint Peters,MO,63376
SUEH,1760 West Terra Lane,"OFallon, MT, 63366",US,OFallon,MT,63366
SUHL,1213 Maple Avenue,"Burlington, NC, 27215",US,Burlington,NC,27215
CLT2,10240 Old Dowd Rd,"Charlotte, NC, 28214-8082",US,Charlotte,NC,28214-8082
CLT3,6500 Davidson Hwy,"Concord, NC, 28027",US,Concord,NC,28027
XLBA,1123 4th ST SW,"Conover, NC, 28613",US,Conover,NC,28613
SUSG,500 S Main Street,"Mooresville, NC, 28117",US,Mooresville,NC,28117
LAS2,3837 Bay Lake Trail,"North Las Vegas, NC, 89030-4428",US,North Las Vegas,NC,89030-4428
SUHI,870 S. 16th St.,"Aurora, NE, 68818",US,Aurora,NE,68818
SUHA,9203 J Street,"Omaha, NE, 68127",US,Omaha,NE,68127
VFSN,7401 F ST,"OMAHA, NE, 68127",US,OMAHA,NE,68127
PFL2,8060 State Rd 33 North,"Lakeland, FL, 33809-1704",US,Lakeland,FL,33809-1704
BUF9,4201 Walden Ave,"Lancaster, NY, 14086",US,Lancaster,NY,14086
JFK8,546 Gulf Ave.,"Staten Island, NY, 10314",US,Staten Island,NY,10314
SUOM,1230 Highway 34,"Aberdeen, NJ, 7747",US,Aberdeen,NJ,7747
EWR6,275 Omar Avenue,"Avenel, NJ, 07001-2240",US,Avenel,NJ,07001-2240
EWR7,275 Omar Ave,"Avenel, NJ, 7001",US,Avenel,NJ,7001
SUPM,1-AB Terminal Way,"Avenel, NJ, 7001",US,Avenel,NJ,7001
LGA6,8003 Industrial Avenue,"Cartaret, NJ, 07008-3529",US,Cartaret,NJ,07008-3529
EWR9,8003 Industrial Parkway,"Carteret, NJ, 07008-3529",US,Carteret,NJ,07008-3529
LGA7,380 Middlesex Avenue,"Carteret, NJ, 7008",US,Carteret,NJ,7008
LGA8,380 Middlesex Avenue,"Carteret, NJ, 7008",US,Carteret,NJ,7008
TEB6,22 Hightstown Cranbury State Road,"Cranbury, NJ, 8512",US,Cranbury,NJ,8512
LGA9,2170 Route 27,"Edison, NJ, 8817",US,Edison,NJ,8817
SUEG,86 Mayfield Ave,"Edison, NJ, 8837",US,Edison,NJ,8837
SUCD,80 Carter Dr.,"Edison, NJ, 8817",US,Edison,NJ,8817
ABE8,401 Independence Road,"Florence, NJ, 8518",US,Florence,NJ,8518
XUSQ,152 Route 206,"Hillsborough, NJ, 8844",US,Hillsborough,NJ,8844
HNJ2,13905 Crayton Blvd,"Hagerstown, MD, 21742",US,Hagerstown,MD,21742
UNJ1,940 Monroe Street,"Hoboken, NJ, 7030",US,Hoboken,NJ,7030
TEB3,2651 Oldmans Creek Rd,"Logan Township, NJ, 8085",US,Logan Township,NJ,8085
VUKZ,400 Arlington Blvd,"Logan Township, NJ, 8085",US,Logan Township,NJ,8085
SUPH,4201 tonelle ave,"North Bergen, NJ, 7047",US,North Bergen,NJ,7047
SUPN,4201 tonelle ave,"North Bergen, NJ, 7047",US,North Bergen,NJ,7047
SUMA,1201 Jersey Avenue,"North Brunswick, NJ, 8902",US,North Brunswick,NJ,8902
SUHE,239 Old New Brunswick Road Dock 7&8,"Piscataway, NJ, 8854",US,Piscataway,NJ,8854
SUWB,150 Ethel Road West,"Piscataway, NJ, 8854",US,Piscataway,NJ,8854
EWR4,50 New Canton Way,"Robbinsville, NJ, 08691-2350",US,Robbinsville,NJ,08691-2350
PNE2,18 Applegate Dr.,"Robbinsville, NJ, 08691-2342",US,Robbinsville,NJ,08691-2342
SUOE,74 Kenny Pl,"Saddle Brook, NJ, 07663-5916",US,Saddle Brook,NJ,07663-5916
VUME,200 Docks Corner Road,"South Brunswick, NJ, 8810",US,South Brunswick,NJ,8810
VUKI,400 Arlington Blvd,"Swedesboro, NJ, 8085",US,Swedesboro,NJ,8085
IVSD,800 Arlington Blvd,"Swedesboro, NJ, 8085",US,Swedesboro,NJ,8085
ACY1,240 Mantua Grove Road,"West Deptford, NJ, 8066",US,West Deptford,NJ,8066
IVSC,1225 Forest Parkway,"West Deptford, NJ, 8066",US,West Deptford,NJ,8066
RNO1,1600 East Newlands Drive,"Fernley, NV, 89408-8903",US,Fernley,NV,89408-8903
LAS6,4550 Nexus Way,"Las Vegas, NV, 89115",US,Las Vegas,NV,89115
ICSF,2821 MARION DR STE 109,"LAS VEGAS, NV, 89115",US,LAS VEGAS,NV,89115
IVSE,2951 MARION DR UNIT 101,"LAS VEGAS, NV, 89115",US,LAS VEGAS,NV,89115
RNO3,555 Milan Drive,"McCarran, NV, 89434",US,McCarran,NV,89434
RNO4,8000 North Virginia Street,"Reno, NV, 89506",US,Reno,NV,89506
JFK9,80 Grumman Rd W,"Bethpage, NY, 11714-5000",US,Bethpage,NY,11714-5000
TNY1,850 3rd Ave.,"Brooklyn, NY, 11232",US,Brooklyn,NY,11232
SUGC,175 Van Dyke St.,"Brooklyn, NY, 11231-1079",US,Brooklyn,NY,11231-1079
SUAZ,1189 McDonald Ave,"Brooklyn, NY, 11230",US,Brooklyn,NY,11230
SUHP,45 Leone Lane,"CHESTER, NY, 10918",US,CHESTER,NY,10918
SUOP,1673 NY-17M,"Chester, NY, 10918",US,Chester,NY,10918
SUPJ,4737 van dam street,"Long island City, NY, 11101",US,Long island City,NY,11101
SUOG,19 Robert Pitt Drive,"Monsey, NY, 10952",US,Monsey,NY,10952
SUOX,19 Robert Pitt Drive STE 103,"Monsey, NY, 10952",US,Monsey,NY,10952
JFK2,7 W 34th St,"New York, NY, 10001",US,New York,NY,10001
TNYA,7 W 34th Street,"New York, NY, 10001",US,New York,NY,10001
SUEB,135 West 36th Street FL 13,"New York, NY, 10018",US,New York,NY,10018
VUQC,2020 Ocean Avenue,"Ronkonkoma, NY, 11779",US,Ronkonkoma,NY,11779
SUGA,4060 Hylan Blvd,"Staten Island, NY, 10308",US,Staten Island,NY,10308
SUBD,81 Christopher St,"Staten Island, NY, 10303",US,Staten Island,NY,10303
SBU1,100 Nicolas Road,"Stony Brook, NY, 11794",US,Stony Brook,NY,11794
CAK1,290 E Exchange Street,"Akron, OH, 44304",US,Akron,OH,44304
CLE6,23371 Aurora Road,"Bedford Heights, OH, 44146",US,Bedford Heights,OH,44146
CIN1,241 Calhoun St,"Cincinnati, OH, 45219",US,Cincinnati,OH,45219
CLE1,2020 Euclid Ave,"Cleveland, OH, 44115",US,Cleveland,OH,44115
SUAB,2800 CORPORATE EXCHANGE DRIVE,"Columbus, OH, 43231",US,Columbus,OH,43231
OSU1,2114 N. High Street,"Columbus, OH, 43201",US,Columbus,OH,43201
UOH2,3563 Interchange Rd,"Columbus, OH, 43204",US,Columbus,OH,43204
XLAE,5330 Crosswind Dr,"Columbus, OH, 43228",US,Columbus,OH,43228
SUAS,2800 Corporate Exchange Drive,"Columbus, OH, 43231",US,Columbus,OH,43231
CMH1,11903 National Road SW,"Etna, OH, 43062",US,Etna,OH,43062
CMH2,6050 Gateway Court,"Groveport, OH, 43125-9016",US,Groveport,OH,43125-9016
SUPC,503 West High St,"Hicksville, OH, 43526",US,Hicksville,OH,43526
SUHO,355 Tomahawk Drive Suite3,"Maumee, OH, 43537",US,Maumee,OH,43537
CMH3,700 GATEWAY BLVD MONROE,"Monroe, OH, 45050",US,Monroe,OH,45050
POH1,1901 BEGGROW RD,"LOCKBOURNE, OH, 43137-7566",US,LOCKBOURNE,OH,43137-7566
VUHG,28625 Fountain Parkway,"Solon, OH, 44139",US,Solon,OH,44139
VUPW,8778 Le St Dr,"West Chester, OH, 45014-2260",US,West Chester,OH,45014-2260
SUJE,5124 Cleveland Rd,"Wooster, OH, 44691",US,Wooster,OH,44691
OKC9,1155 Babbitt Rd.,"Euclid, OH, 44132",US,Euclid,OH,44132
CLE2,21500 Emery Rd,"Randall, OH, 44128",US,Randall,OH,44128
BDL3,409 Washington Avenue,"North Haven, CT, 6473",US,North Haven,CT,6473
SUOW,9655 SW Sunshine CT,"Beaverton, OR, 97005",US,Beaverton,OR,97005
SUOS,9655 SW SUNSHINE CT,"BEAVERTON, OR, 97005",US,BEAVERTON,OR,97005
SUAY,10020 S Gibson Rd,"Molalla, OR, 97038",US,Molalla,OR,97038
POR1,1131 SW Jefferson,"Portland, OR, 97201",US,Portland,OR,97201
VUOL,14005 North Lombard,"Portland, OR, 97203",US,Portland,OR,97203
TOR1,2104 NW York Street,"Portland, OR, 97210",US,Portland,OR,97210
HIO9,23677 NM Huffman St.,"Hillsboro, OR, 97124",US,Hillsboro,OR,97124
PDX6,15000 N. Lombard St,"Portland, OR, 97203",US,Portland,OR,97203
PDX7,4775 Depot Ct SE,"Salem, OR, 97317-8983",US,Salem,OR,97317-8983
PDX9,1250 NW Swigert Way,"Troutdale, OR, 97060",US,Troutdale,OR,97060
VUGJ,4275 Fritch Dr,"Bethlehem, PA, 18020",US,Bethlehem,PA,18020
ABE3,650 Boulder Drive,"Breinigsville, PA, 18031-1536",US,Breinigsville,PA,18031-1536
ABE2,705 Boulder Drive,"Breinigsville, PA, 18031-1533",US,Breinigsville,PA,18031-1533
XUSC,40 Logistics Dr,"Carlisle, PA, 17013-7901",US,Carlisle,PA,17013-7901
MDT1,2 Ames Drive,"Carlisle, PA, 17015",US,Carlisle,PA,17015
PHL6,675 Allen Rd.,"Carlisle, PA, 17015-7788",US,Carlisle,PA,17015-7788
PHL4,21 Roadway Dr,"Carlisle, PA, 17015-8806",US,Carlisle,PA,17015-8806
VUGM,597 Alexander Spring Rd.,"Carlisle, PA, 17015",US,Carlisle,PA,17015
VUGL,1200 Distribution Drive,"Carlisle, PA, 17013",US,Carlisle,PA,17013
ABE4,1610 Van Buren Road,"Easton, PA, 18045",US,Easton,PA,18045
AVP3,298 1st Ave,"Gouldsboro, PA, 18424-9492",US,Gouldsboro,PA,18424-9492
ABE9,100 Quality Circle,"Harrisburg, PA, 17112",US,Harrisburg,PA,17112
ABE5,100 Quality Circle,"Harrisburg, PA, 17112",US,Harrisburg,PA,17112
AVP1,550 Oak Ridge Road,"Hazleton, PA, 18202-9361",US,Hazleton,PA,18202-9361
VUQE,69 Green Mountain Road,"Hazleton, PA, 18202",US,Hazleton,PA,18202
XUSG,9645 West Hills Court,"Kutztown, PA, 19530",US,Kutztown,PA,19530
PHL5,500 McCarthy Dr.,"Lewisberry, PA, 17339-8725",US,Lewisberry,PA,17339-8725
VUWB,6373 Brackbill Blvd,"Mechanicsburg, PA, 17050-2876",US,Mechanicsburg,PA,17050-2876
PPA1,545 Oak Hill Road,"Mountaintop, PA, 18707-2141",US,Mountaintop,PA,18707-2141
SUOT,3820 Hempland Rd,"Mountville, PA, 17544",US,Mountville,PA,17544
SUOR,3820 Hempland Rd,"Mountville, PA, 17544",US,Mountville,PA,17544
SUBE,921 E. Tolna Rd.,"New Freedom, PA, 17349",US,New Freedom,PA,17349
PEN1,3800 Locust Walk,"Philadelphia, PA, 19104",US,Philadelphia,PA,19104
TPAA,4101 Sansom St,"Philadelphia, PA, 19104",US,Philadelphia,PA,19104
SUAH,2901 Grant Ave,"Philadelphia, PA, 19114",US,Philadelphia,PA,19114
SULX,1728 Smallman St.,"Pittsburgh, PA, 15222",US,Pittsburgh,PA,15222
SUOY,1728 Smallman St.,"Pittsburgh, PA, 15222",US,Pittsburgh,PA,15222
AVP8,250 Enterprise Way,"Pittston, PA, 18640-5000",US,Pittston,PA,18640-5000
VAVP,250 Enterprise Way,"Pittston, PA, 18640-5000",US,Pittston,PA,18640-5000
VUAV,1 Commerce Road,"Pittston, PA, 18640",US,Pittston,PA,18640
AVP6,1 Commerce Rd,"Pittston, PA, 18640-9509",US,Pittston,PA,18640-9509
VUGP,234 Walnut Bottom Road,"Shippensburg, PA, 17257",US,Shippensburg,PA,17257
VUPH,9300 Olde Scotland Road,"Shippensburg, PA, 17257",US,Shippensburg,PA,17257
SCE1,134 South Allen St,"State College, PA, 16801",US,State College,PA,16801
VUBF,575 Old Forge Road,"Union Township, PA, 17963",US,Union Township,PA,17963
VUGA,508 Delaware Ave,"West Pittston, PA, 18643",US,West Pittston,PA,18643
SULF,170 Longs Pond Rd,"Lexington, SC, 29072",US,Lexington,SC,29072
XUSU,,"Rock Hill, SC, 29730",US,Rock Hill,SC,29730
GSP1,402 John Dodd Rd,"Spartanburg, SC, 29303-6312",US,Spartanburg,SC,29303-6312
CAE3,222 Old Wire Road,"West Columbia, SC, 29172",US,West Columbia,SC,29172
CAE1,4400 12 Street Extension,"West Columbia, SC, 29172-3300",US,West Columbia,SC,29172-3300
MEM1,3292 E. Holmes Rd,"Memphis, TN, 38118",US,Memphis,TN,38118
CHA2,225 Infinity Dr NW,"Charleston, TN, 37310-1400",US,Charleston,TN,37310-1400
CHA1,7200 Discovery Drive,"Chattanooga, TN, 37416-1757",US,Chattanooga,TN,37416-1757
BNA1,14840 Central Pike,"Lebanon, TN, 37090-8119",US,Lebanon,TN,37090-8119
BNA2,500 Duke Dr,"Lebanon, TN, 37090-8123",US,Lebanon,TN,37090-8123
XLAJ,3440 Meyers Rd,"Memphis, TN, 38108",US,Memphis,TN,38108
BNA3,2020 Joe B Jackson Pkwy,"Murfreesboro, TN, 37127-7792",US,Murfreesboro,TN,37127-7792
TTN1,410 Harding Industrial Dr.,"Nashville, TN, 37211",US,Nashville,TN,37211
TTNA,410 Harding Industrial Dr.,"Nashville, TN, 37211",US,Nashville,TN,37211
XSP1,1115 Vaughn Parkway,"Portland, TN, 37148",US,Portland,TN,37148
SUOZ,359 Pike Court,"La Porte, TX, 77571",US,La Porte,TX,77571
TEX1,"Gregory Gym, 2101 Speedway","Austin, TX, 78712",US,Austin,TX,78712
TTX2,2209 Rutland Dr,"Austin, TX, 78758",US,Austin,TX,78758
HOU3,31555 Highway 90E,"Brookshire, TX, 77423",US,Brookshire,TX,77423
TAM1,2800 South Texas Avenue,"Bryan, TX, 77802",US,Bryan,TX,77802
UTX8,2800 S Texas Avenue,"Bryan, TX, 77802",US,Bryan,TX,77802
SUAD,100 Syble Jean Dr.,"Burleson, TX, 76028",US,Burleson,TX,76028
SUHT,1809 W. Frankford Rd,"Carrollton, TX, 75007",US,Carrollton,TX,75007
DFW6,940 W Bethel Road,"Coppell, TX, 75019-4424",US,Coppell,TX,75019-4424
FTW7,944 W Sandy Lake Rd,"Coppell, TX, 75019",US,Coppell,TX,75019
TTX4,6627 Maple Avenue,"Dallas, TX, 75235",US,Dallas,TX,75235
FTW1,33333 LBJ Freeway,"Dallas, TX, 75241",US,Dallas,TX,75241
VUPO,4808 Mountain Creek Parkway,"Dallas, TX, 75236",US,Dallas,TX,75236
FTW8,3351 Balmorhea Dr.,"Dallas, TX, 75241-7304",US,Dallas,TX,75241-7304
XLAF,1600 Roe St,"Dallas, TX, 75215",US,Dallas,TX,75215
SUSE,188 County Road 4226,"Decatur, TX, 76234",US,Decatur,TX,76234
FTW2,2701 West Bethel Road,"Dallas, TX, 75261",US,Dallas,TX,75261
DFW1,2700 Regent Blvd,"DFW Airport, TX, 75261",US,DFW Airport,TX,75261
DAL6,4601 Gold Spike,"Fort Worth, TX, 76106",US,Fort Worth,TX,76106
FTW3,15201 Heritage Pkwy,"Fort Worth, TX, 76177-2517",US,Fort Worth,TX,76177-2517
UTX7,4601 Gold Spike Drive,"Fort Worth, TX, 76106",US,Fort Worth,TX,76106
XUSB,14900 Frye Rd,"Fort Worth, TX, 76155-2726",US,Fort Worth,TX,76155-2726
DFW7,700 Westport Parkway,"Fort Worth, TX, 76177-4513",US,Fort Worth,TX,76177-4513
VUBI,501 Meacham Blvd,"Fort Worth, TX, 76106",US,Fort Worth,TX,76106
VUPZ,4800 Henrietta Creek Rd,"Fort Worth, TX, 76177",US,Fort Worth,TX,76177
FTW6,2601 W Bethel Road,"Dallas, TX, 75261-4034",US,Dallas,TX,75261-4034
ITX1,9851 Fallbrook Pines,"Houston, TX, 77064-3329",US,Houston,TX,77064-3329
ITX2,6811 Fairbanks N Houston Road,"Houston, TX, 77040-1437",US,Houston,TX,77040-1437
IAH6,8401 Fallbrook Drive,"Houston, TX, 77064",US,Houston,TX,77064
TTX3,4221 Way Out West Drive,"Houston, TX, 77092",US,Houston,TX,77092
HTX1,4221 Way Out West Drive,"Houston, TX, 77092",US,Houston,TX,77092
HTX2,4221 Way Out West Drive,"Houston, TX, 77092-1455",US,Houston,TX,77092-1455
HOU2,10550 Ella Boulevard,"Houston, TX, 77090",US,Houston,TX,77090
SUOF,6605 Roxburgh Dr. Suite 400,"Houston, TX, 77041",US,Houston,TX,77041
DFW9,2700 Regent Blvd,"Irving, TX, 75063",US,Irving,TX,75063
SUBG,28651 Cranford Sage Ln,"Katy, TX, 77494",US,Katy,TX,77494
PTX1,2101 Danieldale Road,"Lancaster, TX, 75134-1551",US,Lancaster,TX,75134-1551
LBB1,2407 9th Street,"Lubbock, TX, 79401",US,Lubbock,TX,79401
VUHE,3401 Innovative Way,"Mesquite, TX, 75149",US,Mesquite,TX,75149
TTX5,4848 Perrin Creek 680,"San Antonio, TX, 78217",US,San Antonio,TX,78217
SAT2,1401 E McCarty Lane,"San Marcos, TX, 78666-8969",US,San Marcos,TX,78666-8969
SAT1,6000 Enterprise Avenue,"Schertz, TX, 78154-1461",US,Schertz,TX,78154-1461
VUPJ,101 Mars Road,"Wilmer, TX, 75172",US,Wilmer,TX,75172
SUGB,5283 N State Hwy 6,"Woodway, TX, 76712",US,Woodway,TX,76712
SUOI,870 North 100 East,"Lehi, UT, 84043",US,Lehi,UT,84043
SLC1,777 N 5600 W,"Salt Lake City, UT, 84116",US,Salt Lake City,UT,84116
SUSJ,8427 South Old Bingham Hwy,"West Jordan, UT, 84088",US,West Jordan,UT,84088
SUCE,8427 S. Old Bingham Hwy,"West Jordan, UT, 84088",US,West Jordan,UT,84088
SUBL,582 S 1100 W,"Woods Cross, UT, 84087",US,Woods Cross,UT,84087
SULU,582 S 1100 W,"Woods Cross, UT, 84087",US,Woods Cross,UT,84087
ORF1,3516 South Military Hwy.,"Chesapeake, VA, 23323",US,Chesapeake,VA,23323
RIC2,1901 Meadowville Technology Pkwy,"Chester, VA, 23836-2841",US,Chester,VA,23836-2841
BWI4,165 Business Blvd,"Clear Brook, VA, 22624",US,Clear Brook,VA,22624
RIC1,5000 Commerce Way,"Petersburg, VA, 23803-6917",US,Petersburg,VA,23803-6917
BWI6,5617 Industrial Drive,"Springfield, VA, 22151-4410",US,Springfield,VA,22151-4410
BWI1,"45121 Global Plaza, Sterling","Sterling, VA, 20166",US,Sterling,VA,20166
SULC,1345 Taylor Farms Road,"Virginia Beach, VA, 23453",US,Virginia Beach,VA,23453
RIC9,11600 N Lakeridge Pkwy,"Ashland, VA, 23005",US,Ashland,VA,23005
UTX4,PO Box 80387,"Seattle, WA, 98108",US,Seattle,WA,98108
ISE2,1227 124th Ave NE,"Bellevue, WA, 98004",US,Bellevue,WA,98004
SEA8,1227 124th Ave NE,"Bellevue, WA, 98004",US,Bellevue,WA,98004
BFI3,2700 Center Drive,"DuPont, WA, 98327-9607",US,DuPont,WA,98327-9607
SULA,1380 Stonegate Way,"Ferndale, WA, 98248",US,Ferndale,WA,98248
SUNA,4179 70th Ave East,"Fife, WA, 98424",US,Fife,WA,98424
BFI6,"20202, 84th Avenue South","Kent, WA, 98032",US,Kent,WA,98032
HWA3,20202 84th AVE S,"Kent, WA, 98032",US,Kent,WA,98032
ISE5,20202 84th Ave South,"Kent, WA, 98032",US,Kent,WA,98032
VUPM,22001 84th Avenue,"Kent, WA, 98032",US,Kent,WA,98032
BFI4,21005 64th Ave S,"Kent, WA, 98032",US,Kent,WA,98032
ISE8,20202 84th Ave South,"Kent, WA, 98032",US,Kent,WA,98032
XLAI,7650 S 228th St,"Kent, WA, 98032",US,Kent,WA,98032
HWA1,11710 118th Ave NE,"Kirkland, WA, 98034",US,Kirkland,WA,98034
HWA2,20529 24th Ave S,"SeaTac, WA, 98198-5518",US,SeaTac,WA,98198-5518
TWA0,13537 Aurora Ave N,"Seattle, WA, 98133",US,Seattle,WA,98133
UWA4,76 S Lander Street,"Seattle, WA, 98134",US,Seattle,WA,98134
FSE2,5100 15th Ave NW,"Seattle, WA, 98107",US,Seattle,WA,98107
FSE3,76 South Lander Street,"Seattle, WA, 98134",US,Seattle,WA,98134
SEA6,2646 Rainier Ave. South,"Seattle, WA, 98144-5331",US,Seattle,WA,98144-5331
SUXA,345 Boren Ave N,"Seattle, WA, 98109",US,Seattle,WA,98109
SUXC,345 Boren Ave N,"Seattle, WA, 98109",US,Seattle,WA,98109
SUZC,345 Boren Ave N,"Seattle, WA, 98109",US,Seattle,WA,98109
SUZB,345 Boren Ave N,"Seattle, WA, 98109",US,Seattle,WA,98109
SUZA,345 Boren Ave N,"Seattle, WA, 98109",US,Seattle,WA,98109
ISE1,2131 7th Ave,"Seattle, WA, 98121",US,Seattle,WA,98121
SUED,229 N Ella Rd,"Spokane Valley, WA, 99212",US,Spokane Valley,WA,99212
BFI1,1800 140th Avenue E.,"Sumner, WA, 98390-9624",US,Sumner,WA,98390-9624
BFIX,1800 140th Ave E,"Sumner, WA, 98390-9624",US,Sumner,WA,98390-9624
BFI7,1901 140th Ave E,"Sumner, WA, 98390",US,Sumner,WA,98390
PWA1,1800 140TH AVE E,"SUMNER, WA, 98390-9624",US,SUMNER,WA,98390-9624
TIW1,One Sitcum Plaza,"Tacoma, WA, 98421",US,Tacoma,WA,98421
SULD,2020 Prairie Ln,"Eau Claire, WI, 54703",US,Eau Claire,WI,54703
MKE1,3501 120th Ave,"Kenosha, WI, 53144",US,Kenosha,WI,53144
MKE9,11211 Burlington Road,"Kenosha, WI, 53144",US,Kenosha,WI,53144
SBX2,4718 Helgesen Drive,"Madison, WI, 53718-6740",US,Madison,WI,53718-6740
SUPA,412 Technology Drive E.,"Menomonie, WI, 54571",US,Menomonie,WI,54571
SUPB,412 Technology Drive E.,"Menomonie, WI, 54751",US,Menomonie,WI,54751
UWI1,4111 W Mitchell Street,"Milwaukee, WI, 53215",US,Milwaukee,WI,53215
VUHF,11111 80TH AVE,"Pleasant Prairie, WI, 53158",US,Pleasant Prairie,WI,53158
UNV2,1945 E RUSSELL RD SUITES 201-204,"Las Vegas, NV, 89119",US,Las Vegas,NV,89119
TUS2,6701 S KOLB RD,"Tuscon, AZ, 85756",US,Tuscon,AZ,85756
XBSP,15750 Mountain Ave,"CHINO, CA, 91708",US,CHINO,CA,91708
VAEO,20526 59th Place S.,"Kent, WA, 98032",US,Kent,WA,98032
VUQN,1711 S 4650 W,"Salt Lake City, UT, 84104",US,Salt Lake City,UT,84104
VUQM,441 Masters Boulevard,"Anderson, SC, 29626",US,Anderson,SC,29626
ASE3,20526 59th Place South,"Kent, WA, 98032",US,Kent,WA,98032
PPH3,2306 South Street,"PHILADELPHIA, PA, 19146-1122",US,PHILADELPHIA,PA,19146-1122
ISE6,307 Fairview Avenue North,"Seattle, WA, 98109",US,Seattle,WA,98109
ICH5,111 E Wacker Dr,"Chicago, IL, 60601",US,Chicago,IL,60601
DCA2,5250 Goodman Way,"Eastvale, CA, 91752-5088",US,Eastvale,CA,91752-5088
DEV1,6050 E Marginal Way S,"SEATTLE, WA, 98108-3235",US,SEATTLE,WA,98108-3235
DNJ1,380 Middlesex Ave,"CARTERET, NJ, 07008-3445",US,CARTERET,NJ,07008-3445
FTW9??,944 West Sandy Lake Road,"COPPELL, TX, 75019-3989",US,COPPELL,TX,75019-3989
SDC1??,6885 Commercial Dr.,"SPRINGFIELD, VA, ??22151-4202",US,SPRINGFIELD,VA,??22151-4202
SIL1??,17051 S Cicero Avenue,"Country Club Hills, IL, 60478",US,Country Club Hills,IL,60478
SMA1??,10 Creek Brook Drive,"Haverhill, MA, 01832-1548",US,Haverhill,MA,01832-1548
STN1??,10 Dell Parkway,"NASHVILLE, TN,, 37217-2830",US,NASHVILLE,"TN,",37217-2830
STX2??,1625 HUTTON DR,"CARROLLTON, TX, 75006-6610",US,CARROLLTON,TX,75006-6610
SWA1??,607 Riverside Road,"EVERETT, WA, 98201-1206",US,EVERETT,WA,98201-1206
XIX3,1400 SOUTHPORT PKWY BLDG 7,"WILMER, TX, 75172-1265",US,WILMER,TX,75172-1265
XIX4,5155 Citation Drive,"MEMPHIS, TN, 38118-7830",US,MEMPHIS,TN,38118-7830
XIX5,11211 Burlington Road,"KENOSHA, WI, 53144-7449",US,KENOSHA,WI,53144-7449
SAZ1,3333 S 7TH ST,"PHOENIX, AZ, 85040-1182",US,PHOENIX,AZ,85040-1182
ACY2,1101 E PEARL ST,"BURLINGTON, NJ, 08016-1934",US,BURLINGTON,NJ,08016-1934
CMH6,3538 TRADEPORT CT,"LOCKBOURNE, OH, 43137-9670",US,LOCKBOURNE,OH,43137-9670
CMH4,1550 W. Main Street,"WEST JEFFERSON, OH, 43162-9747",US,WEST JEFFERSON,OH,43162-9747
XEW1,380 Middlesex Ave,"Carteret, NJ, 7008",US,Carteret,NJ,7008
OKC1,9201 S Portland Avenue,"OKLAHOMA CITY, OK, 73159",US,OKLAHOMA CITY,OK,73159
SLC3,355 North JOHN GLENN RD,"Salt Lake City, UT, 84116-4413",US,Salt Lake City,UT,84116-4413
MDT3,460 Research Drive,"PITTISON, PA, 18640-6152",US,PITTISON,PA,18640-6152
BHM1,975 Powder Plant Rd,"BESSEMER, AL, 35022-5497",US,BESSEMER,AL,35022-5497
CLT4,8000 TUCKASEEGEE RD,"CHARLOTTE, NC, 28214",US,CHARLOTTE,NC,28214
SFL1,7469 KINGSPOINTE PKWY,"ORLANDO, FL, 32819-8587",US,ORLANDO,FL,32819-8587
RIC3,4949 Commerce Road,"RICHMOND, VA, 23234-2207",US,RICHMOND,VA,23234-2207
GRR1,4199 68th Street SE,"CALEDONIA, MI, 49316-9191",US,CALEDONIA,MI,49316-9191
STL8,4000 Premier Parkway,"SAINT PETERS, MO, 63376-3447",US,SAINT PETERS,MO,63376-3447
SCK1,4532 NEWCASTLE RD,"STOCKTON, CA, 95215-9465",US,STOCKTON,CA,95215-9465
SFO3,5250 NEWCASTLE RD,"STOCKTON, CA, 95215-8345",US,STOCKTON,CA,95215-8345
LAX9,11263 Oleander Ave,"FONTANA, CA, 92337",US,FONTANA,CA,92337
JAX6,2619 IGNITION DR,"JACKSONVILLE, FL, 32218",US,JACKSONVILLE,FL,32218
ORD3,24101 S Frontage Rd W,"CHANNAHON, IL, 60410",US,CHANNAHON,IL,60410
IND9,1151 S GRAHAM RD,"GREENWOOD, IN, 46143-7830",US,GREENWOOD,IN,46143-7830
MEM2,191 NORFOLK SOUTHERN WAY,"BYHALIA, MS, 38611-2306",US,BYHALIA,MS,38611-2306
DAL3,1301 Chalk Hill Road,"DALLAS, TX, 75211",US,DALLAS,TX,75211
FDN1,80 Grumman Rd,"BETHPAGE, NY, 11714",US,BETHPAGE,NY,11714
VUTH,25451 Mountain House Pkwy,"TRACY, CA, 95377",US,TRACY,CA,95377
VUGR,1565 N Mac Arthur Dr.,"TRACY, CA, 95376",US,TRACY,CA,95376
KUS3,"No.1, Gangtong Road, Meishan Free Trade Port Area","Ningbo, US, 315832",US,Ningbo,US,315832
VUQP,655 E Park St,"LOCK HAVEN, PA, 17745",US,LOCK HAVEN,PA,17745
VUCB,5197 Commerce Drive,"YORK, PA, 17408",US,YORK,PA,17408
VUQI,512 Liberty Expressway,"Albany, GA, 31705",US,Albany,GA,31705
TNC1,300 Dalton Ave.,"CHARLOTTE, NC, 28206-3118",US,CHARLOTTE,NC,28206-3118
TNV2,1945 E. Russell Rd,"LAS VEGAS, NV, 89119-2706",US,LAS VEGAS,NV,89119-2706
IUSA,1001 W Walnut St,"Compton, CA, 90220-5111",US,Compton,CA,90220-5111
UGA4,2232 Northmont Parkway,"DULUTH, GA, 30096",US,DULUTH,GA,30096
VUWI,4015 Lakeview Corporate Drive,"EDWARDSVILLE, IL, 62025",US,EDWARDSVILLE,IL,62025
UAZ1,500 S 48th St,"Phoenix, AZ, 85034-3101",US,Phoenix,AZ,85034-3101
UMN1,763 Kasota Ave,"Minneapolis, MN, 55414-2842",US,Minneapolis,MN,55414-2842
UTX3,4221 Way Out West Drive,"Houston, TX, 77092-1455",US,Houston,TX,77092-1455
UIN1,710 S. Girls School Road,"Indianapolis, IN, 46231-1132",US,Indianapolis,IN,46231-1132
UCA6,2727 Kurtz St,"San Diego, CA, 92110-3109",US,San Diego,CA,92110-3109
UGA2,2302 MARIETTA BLVD NW,"ATLANTA, GA, 30318-1327",US,ATLANTA,GA,30318-1327
VUTG,100 E MILLSDALE RD,"Elwood, IL, 60421",US,Elwood,IL,60421
HCA9,455 VALLEY DR,"BRISBANE, CA, 94005-1209",US,BRISBANE,CA,94005-1209
INT2,275 Omar Avenue,"AVENEL, NJ, 07001-2240",US,AVENEL,NJ,07001-2240
IDT1,13905 Crayton Blvd,"HAGERSTOWN, WA, 21742-3690",US,HAGERSTOWN,WA,21742-3690
UTN1,410 Harding Industrial Dr.,"Nashville, TN, 37211",US,Nashville,TN,37211
UCA4,2006 McGaw Avenue,"Irvine, CA, 92614",US,Irvine,CA,92614
UMA4,201 Beacham St,"Chelsea, MA, 2150",US,Chelsea,MA,2150
UCA1,888 Tennessee St,"San Francisco, CA, 94107",US,San Francisco,CA,94107
UNY1,850 3rd Ave.,"Brooklyn, NY, 11232",US,Brooklyn,NY,11232
UFL4,7469 Kingspointe Parkway,"Orlando, FL, 32819",US,Orlando,FL,32819
UNC2,3200 Bush Street,"Raleigh, NC, 27609",US,Raleigh,NC,27609
UWA1,11710 118th Ave NE Building B,"Kirkland, WA, 98034",US,Kirkland,WA,98034
UFL6,3200 NW 67th Avenue,"MIAMI, FL, 33122",US,MIAMI,FL,33122
FDL3,24208 SAN MICHELE RD,"MORENO VALLEY, CA, 92551-9561",US,MORENO VALLEY,CA,92551-9561
UFL5,4769 Oak Fair Blvd,"TAMPA, FL, 33610",US,TAMPA,FL,33610
UFL7,6843 S Conway Rd,"ORLANDO, FL, 32812",US,ORLANDO,FL,32812
ULA1,635 8th St,"SAN FERNANDO, CA, 91340",US,SAN FERNANDO,CA,91340
ULA2,4278 N. Harbor Blvd.,"FULLERTON, CA, 92835",US,FULLERTON,CA,92835
UMN2,6105 Trenton Ln N,"MINNEAPOLIS, MN, 55442",US,MINNEAPOLIS,MN,55442
UNV3,2951 N Marion Dr Suite 101-103,"Las Vegas, NV, 89115",US,Las Vegas,NV,89115
UNY2,1080 Leggett Ave,"BRONX, NY, 10474",US,BRONX,NY,10474
UNY3,57-00 49th Place,"MASPETH, NY, 11378",US,MASPETH,NY,11378
USC2,2400 McClellan Park Dr,"SACRAMENTO, CA, 95838",US,SACRAMENTO,CA,95838
USF3,1911 Lundy Ave,"SAN JOSE, CA, 95131",US,SAN JOSE,CA,95131
UTX9,4616 W Howard Lane,"AUSTIN, TX, 78728",US,AUSTIN,TX,78728
UWA5,"18323 Andover Park W., Bldg. 6","SEATTLE, WA, 98188",US,SEATTLE,WA,98188
UNC3,4525 Statesville Ave,"CHARLOTTE, NC, 28269",US,CHARLOTTE,NC,28269
UOH4,4401 Equity Dr,"COLUMBUS, OH, 43228",US,COLUMBUS,OH,43228
UOH5,8660 Jacquemin Drive,"West Chester, OH, 45069",US,West Chester,OH,45069
UOR2,5015 NW FRONT AVE,"PORTLAND, OR, 97210-1105",US,PORTLAND,OR,97210-1105
USC1,3640 Ramos Dr,"WEST SACRAMENTO, CA, 95691-6401",US,WEST SACRAMENTO,CA,95691-6401
USF1,750 Laurelwood Road,"SANTA CLARA, CA, 95054",US,SANTA CLARA,CA,95054
USF2,1700 Fairway Dr,"SAN LEANDRO, CA, 94577",US,SAN LEANDRO,CA,94577
UVA4,4100 Tomlynn St,"RICHMOND, VA, 23230",US,RICHMOND,VA,23230
UVA5,492 Central Dr,"VIRGINIA BEACH, VA, 23454",US,VIRGINIA BEACH,VA,23454
VUQO,1800 Steward Rd,"Rochelle, IL, 61068",US,Rochelle,IL,61068
XIX6,10681 Production Ave,"San Bernardino, CA, 92337-8006",US,San Bernardino,CA,92337-8006
AKC1,2450 ROMIG RD,"AKRON, OH, 44320-3827",US,AKRON,OH,44320-3827
ALB1,1835 US ROUTE 9,"Castleton, NY, 12033",US,Castleton,NY,12033
ATL2,2255 W PARK PLACE BLVD,"STONE MOUNTAIN, GA, 30087",US,STONE MOUNTAIN,GA,30087
BFC1,380 Middlesex Ave,"CARTERET, NJ, 07008-3445",US,CARTERET,NJ,07008-3445
BFL1,1601 Petrol Road,"BAKERSFIELD, CA, 93308",US,BAKERSFIELD,CA,93308
GEG1,10010 West Geiger Boulevard,"Spokane, WA, 99224",US,Spokane,WA,99224
GSO1,1656 OLD GREENSBORO RD,"KERNERSVILLE, NC, 27284",US,KERNERSVILLE,NC,27284
KRB1,555 E ORANGE SHOW RD,"SAN BERNARDINO, CA, 92408",US,SAN BERNARDINO,CA,92408
LAS1,12300 Bermuda Road,"HENDERSON, NV, 89044",US,HENDERSON,NV,89044
MCO2,2600 N Normandy Blvd,"Deltona, FL, 32725-2610",US,Deltona,FL,32725-2610
MKE2,9700 S 13th Street,"OAK CREEK, WI, 53154",US,OAK CREEK,WI,53154
MSP4,10608 HUDSON RD,"WOODBURY, MN, 55129-9113",US,WOODBURY,MN,55129-9113
PCW1,9278 Bass Pro Blvd,"ROSSFORD, OH, 43551",US,ROSSFORD,OH,43551
PIT2,101 N CAMPUS DR,"IMPERIAL, PA, 15126-2402",US,IMPERIAL,PA,15126-2402
PSP1,1010 W Fourth St.,"BEAUMONT, CA, 92223-2684",US,BEAUMONT,CA,92223-2684
RDU1,4851 Jones Sausage Rd,"GARNER, NC, 27529-9438",US,GARNER,NC,27529-9438
SAX1,4041 PECK RD,"EL MONTE, CA, 91732-2246",US,EL MONTE,CA,91732-2246
SAX2,2246 S GRAND AVE,"SANTA ANA, CA, 92705-5210",US,SANTA ANA,CA,92705-5210
SCA2,12453 SAN PABLO AVE,"RICHMOND, CA, 94805-1954",US,RICHMOND,CA,94805-1954
SCA3,10 N MAIN ST,"MILPITAS, CA, 95035-4342",US,MILPITAS,CA,95035-4342
SCA4,16915 VIA DEL CAMPO,"SAN DIEGO, CA, 92127-1717",US,SAN DIEGO,CA,92127-1717
SCA5,1120 EXPOSITION BLVD,"SACRAMENTO, CA, 95815-4328",US,SACRAMENTO,CA,95815-4328
SCA6,3096 MCCLINTOCK AVE,"LOS ANGELES, CA, 90089-3504",US,LOS ANGELES,CA,90089-3504
XIX7,555 E ORANGE SHOW RD,"SAN BERNARDINO, CA, 92408-2453",US,SAN BERNARDINO,CA,92408-2453
SCO1,6050 Washington Street,"Denver, CO, 80216-1285",US,Denver,CO,80216-1285
SDC2,2 UNIVERSITY BLVD W,"SILVER SPRING, MD, 20901-2438",US,SILVER SPRING,MD,20901-2438
SFL2,"1125 SE 8th Street, Suite 100","Hialeah, FL, 33010",US,Hialeah,FL,33010
SFL3,6901 N Hiatus Rd,"Tamarac, FL, 33321",US,Tamarac,FL,33321
SGA1,4925 Avalon Ridge Parkway,"Norcross, GA, 30071-1571",US,Norcross,GA,30071-1571
SIL2,7555 Linder Avenue,"Skokie, IL, 60077",US,Skokie,IL,60077
SLA5,5250 Goodman Way,"Eastvale, CA, 91752-5088",US,Eastvale,CA,91752-5088
SLA6,5250 GOODMAN WAY,"EASTVALE, CA, 91752-5088",US,EASTVALE,CA,91752-5088
SLC2,7148 W OLD BINGHAM HWY,"West Jordan, UT, 84081",US,West Jordan,UT,84081
SMA2,267 MAIN ST,"MILFORD, MA, 01757-2503",US,MILFORD,MA,01757-2503
SMD1,7200 Dorsey Run Rd,"ELKRIDGE, MD, 21075-6884",US,ELKRIDGE,MD,21075-6884
SNJ1,5 Dedrick Place,"West Caldwell, NJ, 07006-6304",US,West Caldwell,NJ,07006-6304
SNY1,2294 ADAM CLAYTON POWELL JR BLVD,"NEW YORK, NY, 10030-2804",US,NEW YORK,NY,10030-2804
SNY2,9210 ATLANTIC AVE,"OZONE PARK, NY, 11416-1517",US,OZONE PARK,NY,11416-1517
ULA6,5119 District Blvd,"LOS ANGELES, CA, 90058-5512",US,LOS ANGELES,CA,90058-5512
USF4,455 Valley Drive,"BRISBANE, CA, 94005",US,BRISBANE,CA,94005
UWA6,20202 84th AVE S,"KENT, WA, 98032",US,KENT,WA,98032
UCA9,2934 Ramona Ave,"Sacramento, CA, 95826-3848",US,Sacramento,CA,95826-3848
UVA3,2263 Dabney Road,"Richmond, VA, 23230-3343",US,Richmond,VA,23230-3343
UTX5,4848 Perrin Creek #680,"San Antonio, TX, 78217-3744",US,San Antonio,TX,78217-3744
UTX2,2209 Rutland Drive,"Austin, TX, 78758",US,Austin,TX,78758
UOR1,2104 NW York Street,"Portland, OR, 97210",US,Portland,OR,97210
ULA6,5119 District Blvd,"Los Angeles, CA, 90058-5512",US,Los Angeles,CA,90058-5512
TOH1,5845 Highland Ridge Drive,"Cincinnati, OH, 45232-1441",US,Cincinnati,OH,45232-1441
SWA2,1905 Raymond Ave,"RENTON, WA, 98057-2621",US,RENTON,WA,98057-2621
SVA1,99 S 6TH ST,"RICHMOND, VA, 23219-3801",US,RICHMOND,VA,23219-3801
STX5,10710 RESEARCH BLVD STE 200,"AUSTIN, TX, 78759-5780",US,AUSTIN,TX,78759-5780
STX4,10611 Red Bluff Road,"Pasadena, TX, 77505",US,Pasadena,TX,77505
STX3,4445 Rock Quarry Rd #400,"Dallas, TX, 75211-1409",US,Dallas,TX,75211-1409
SPA1,1300 N BROAD ST,"PHILADELPHIA, PA, 19121-4303",US,PHILADELPHIA,PA,19121-4303
SNY3,153 NOTCH RD,"CLIFTON, NJ, 07013-3234",US,CLIFTON,NJ,07013-3234
TUL2,4040 North 125th East Avenue,"TULSA, OK, 74116-2102",US,TULSA,OK,74116-2102
UPA1,4101 Sansom St,"Philadelphia, PA, 19104-3021",US,Philadelphia,PA,19104-3021
UVA1,5617 Industrial Dr,"Springfield, VA, 22151-4410",US,Springfield,VA,22151-4410
UCA2,2400 Marine Avenue,"Redondo Beach, CA, 90278-1103",US,Redondo Beach,CA,90278-1103
UIL1,1111 N CHERRY AVE,"CHICAGO, IL, 60642-4204",US,CHICAGO,IL,60642-4204
UWA2,13537 Aurora Ave N.,"Seattle, WA, 98133",US,Seattle,WA,98133
UCA3,11800 West Olympic Blvd,"Los Angeles, CA, 90064-1100",US,Los Angeles,CA,90064-1100
UMD1,5501 Holabird Ave,"Baltimore, MD, 21224",US,Baltimore,MD,21224
MAB1,6245 Topanga Canyon Blvd,"Woodland Hills, CA, 91367",US,Woodland Hills,CA,91367
MAE1,399 Fairview Ave North,"SEATTLE, WA, 98109",US,SEATTLE,WA,98109
MAB9,13752 Jamboree Rd,"Irvine, CA, 92602",US,Irvine,CA,92602
ICH2,222 W Merchandise Mart Plaza,"Chicago, IL, 60654",US,Chicago,IL,60654
ICH6,130 E Randolph St,"Chicago, IL, 60601",US,Chicago,IL,60601
UCA7,222 Commercial St,"Sunnyvale, CA, 94085",US,Sunnyvale,CA,94085
UCA8,3100 San Pablo Ave,"Berkeley, CA, 94702",US,Berkeley,CA,94702
TMI1,900 Oakwood St.,"YPSILANTI, MI, 48197",US,YPSILANTI,MI,48197
IBF1,1501 Boylston Ave,"Seattle, WA, 98122",US,Seattle,WA,98122
TFL5,8792 Ely Rd,"PENSACOLA, FL, 32514",US,PENSACOLA,FL,32514
XUXC,12415 OLD LAGRANGE RD,"LOUISVILLE, KY, 40245-1959",US,LOUISVILLE,KY,40245-1959
VUCT,13401 ASHMORE LN,"NORTHLAKE, TX, 76262",US,NORTHLAKE,TX,76262
VUCG,1595 Oakley Industrial Blvd,"FAIRBURN, GA, 30213",US,FAIRBURN,GA,30213
ICH4,227 West Monroe St,"CHICAGO, IL, 60606",US,CHICAGO,IL,60606
KNJ2,400 ARLINGTON BLVD,"SWEDESBORO, NJ, 08085-1293",US,SWEDESBORO,NJ,08085-1293
AFW1,1511 W LOOP 820 N,"FORT WORTH, TX, 76108-9755",US,FORT WORTH,TX,76108-9755
TPA3,676 C Fred Jones Blvd,"Auburndale, FL, 33823",US,Auburndale,FL,33823
AZA4,3333 N 59TH AVE,"PHOENIX, AZ, 85043",US,PHOENIX,AZ,85043
BDL6,120 County Line Drive,"CROMWELL, CT, 6416",US,CROMWELL,CT,6416
BFI2,1800 140th Avenue E,"SUMNER, WA, 98390-9624",US,SUMNER,WA,98390-9624
BOI2,5295 E. Franklin Road,"NAMPA, ID, 83687",US,NAMPA,ID,83687
CSG1,280 BRIDGEPORT PKWY,"MORELAND, GA, 30259-2867",US,MORELAND,GA,30259-2867
DAL2,2601 S. Airfield Drive,"DFW AIRPORT, TX, 75261",US,DFW AIRPORT,TX,75261
DCA6,6001 BETHLEHEM BLVD,"Baltimore, MD, 21219",US,Baltimore,MD,21219
DEN7,22300 E 26th Avenue,"AURORA, CO, 80019",US,AURORA,CO,80019
DEV2,6050 E Marginal Way S,"SEATTLE, WA, 98108-3235",US,SEATTLE,WA,98108-3235
DSM5,500 32nd Street SW,"BONDURANT, IA, 50035",US,BONDURANT,IA,50035
GYR1,605 S BULLARD AVE,"GOODYEAR, AZ, 85338",US,GOODYEAR,AZ,85338
GYR3,8181 W ROOSEVELT ST,"PHOENIX, AZ, 85043-2356",US,PHOENIX,AZ,85043-2356
HOU7,"16225 TOMBALL PKWY, BLDG A","HOUSTON, TX, 77064",US,HOUSTON,TX,77064
JVL1,1255 Gateway Blvd,"BELOIT, WI, 53511",US,BELOIT,WI,53511
KRB2,7000 HARDWARE DR,"PRINCE GEORGE, VA, 23875-3041",US,PRINCE GEORGE,VA,23875-3041
LGB9,4375 N Perris Blvd,"PERRIS, CA, 92571",US,PERRIS,CA,92571
MEM4,4055 NEW ALLEN RD,"MEMPHIS, TN, 38128-2712",US,MEMPHIS,TN,38128-2712
MEM6,11505 Progress Way,"OLIVE BRANCH, MS, 38654",US,OLIVE BRANCH,MS,38654
MQJ1,4412 W 300 N,"GREENFIELD, IN, 46140-7099",US,GREENFIELD,IN,46140-7099
ORD2,23714 W Amoco Rd,"CHANNAHON, IL, 60410-8758",US,CHANNAHON,IL,60410-8758
QAE1,2121 7th Ave.,"SEATTLE, WA, 98121-5114",US,SEATTLE,WA,98121-5114
RDG1,3530 MOUNTAIN RD,"HAMBURG, PA, 19526-7948",US,HAMBURG,PA,19526-7948
SBD2,1494 S WATERMAN AVE,"SAN BERNARDINO, CA, 92408-2805",US,SAN BERNARDINO,CA,92408-2805
SCK3,3565 N AIRPORT WAY,"MANTECA, CA, 95336-8696",US,MANTECA,CA,95336-8696
TPA6,3400 NW 35th Avenue Road,"OCALA, FL, 34475",US,OCALA,FL,34475
XIX8,235 HOG MOUNTAIN RD,"JEFFERSON, GA, 30549-2009",US,JEFFERSON,GA,30549-2009
XLX1,3931 Lakeview Corporate Dr,"EDWARDSVILLE, IL, 62025",US,EDWARDSVILLE,IL,62025
INY3,300 Park Ave,"NEW YORK, NY, 10022",US,NEW YORK,NY,10022
VUAC,1670 Champagne Ave,"ONTARIO, CA, 91761-3612",US,ONTARIO,CA,91761-3612
MQJ2,19 BOB GLIDDEN BLVD,"WHITELAND, IN, 46184-9108",US,WHITELAND,IN,46184-9108
MAC1,"3116 S. Rt. 59, suite #104","Naperville, IL, 60564",US,Naperville,IL,60564
MAB4,5101 Lankershim Blvd.,"Los Angeles, CA, 91601",US,Los Angeles,CA,91601
MAB5,19340 Rinaldi St.,"Northridge, CA, 91326",US,Northridge,CA,91326
VUCF,1467 Perryman Rd,"ABERDEEN, MD, 21001",US,ABERDEEN,MD,21001
VUCA,702 Commerce Drive,"University Park, IL, 60484",US,University Park,IL,60484
FDP1,"4000 McClaren Woods Dr,","CORAOPOLIS, PA, 15108",US,CORAOPOLIS,PA,15108
BFN1,6001 BETHLEHEM BLVD,"SPARROWS POINT, MD, 21219-2504",US,SPARROWS POINT,MD,21219-2504
HMW1,30260 S GRAASKAMP BLVD,"WILMINGTON, IL, 60481-2007",US,WILMINGTON,IL,60481-2007
HNE1,2205 STATE Rte. 27,"EDISON, IL, 08817-3313",US,EDISON,IL,08817-3313
HNW1,20529 24th Ave S,"SEATAC, WA, 98198",US,SEATAC,WA,98198
HSE1,13905 Crayton Blvd,"HAGERSTOWN, MD, 21742-3690",US,HAGERSTOWN,MD,21742-3690
RDG2,270 MIDWAY RD,"BETHEL, PA, 19507-9517",US,BETHEL,PA,19507-9517
SBD3,5990 N Cajon Blvd,"SAN BERNARDINO, CA, 92407",US,SAN BERNARDINO,CA,92407
TEN1,1002 PATRIOT PKWY,"READING, PA, 19605-2874",US,READING,PA,19605-2874
TEN2,1590 TAMARIND AVE,"RIALTO, CA, 92376-3008",US,RIALTO,CA,92376-3008
TTN2,343 HALF ACRE RD,"CRANBURY, NJ, 08512-3253",US,CRANBURY,NJ,08512-3253
XBW1,5300 Nottingham Rd.,"NOTTINGHAM, MD, 21236",US,NOTTINGHAM,MD,21236
XEW2,6855 SHANNON PKWY,"UNION CITY, GA, 30291-2009",US,UNION CITY,GA,30291-2009
XSF1,2250 Promontory Pkwy,"TRACY, CA, 95377",US,TRACY,CA,95377
XLA2,6725 Kimball Ave,"Chino, CA, 91708",US,Chino,CA,91708
VUWR,2301 W. Bernardino Ave.,"REDLANDS, CA, 92374",US,REDLANDS,CA,92374
KPA1,200 W STEWART HUSTON DR,"COATESVILLE, PA, L4W 0B2",US,COATESVILLE,PA,L4W 0B2
VHNA,1160 N. Linden Ave,"RIALTO, CA, 92376",US,RIALTO,CA,92376
VHNB,21005 64th Avenue South,"KENT, WA, 98032",US,KENT,WA,98032
VHNC,11999 National Rd SW,"Etna, OH, 43062",US,Etna,OH,43062
VHND,1700 SPARROWS POINT BLVD,"SPARROWS POINT, MD, 21219",US,SPARROWS POINT,MD,21219
VHNE,2601 West Bethel Rd,"DFW Airport, TX, 75019",US,DFW Airport,TX,75019
VHNF,6521 Monee Manhattan Rd,"MONEE, IL, 60449",US,MONEE,IL,60449
MAC7,16 E Golf Rd,"Schaumburg, CA, 91367",US,Schaumburg,CA,91367
MAB2,3903 Factoria Blvd,"Bellevue, WA, 98006",US,Bellevue,WA,98006
MAB6,2309 S. Jackson St,"Seattle, WA, 98144",US,Seattle,WA,98144
MAE6,15225 Whittier Blvd,"Whittier, CA, 90603",US,Whittier,CA,90603
MAE4,4101 W 95th St,"Oak Lawn, IL, 60453",US,Oak Lawn,IL,60453
ICH1,135 S LaSalle St.,"Chicago, IL, 60603",US,Chicago,IL,60603
ICH3,500 W. Madison,"Chicago, IL, 60661",US,Chicago,IL,60661
INY1,200 Vesey Street,"New York, NY, 10281",US,New York,NY,10281
INY4,599 Lexington Avenue,"New York, NY, 10022",US,New York,NY,10022
ILG2,405 Lexington Ave,"New York, NY, 10174",US,New York,NY,10174
INY6,30 Rockefeller Plaza,"New York, NY, 10112",US,New York,NY,10112
INY9,165 Broadway,"New York, NY, 10006",US,New York,NY,10006
INY7,11 W. 42nd St.,"New York, NY, 10036",US,New York,NY,10036
INY5,315 Park Avenue South,"New York, NY, 10010",US,New York,NY,10010
ISF1,300 California St.,"San Francisco, CA, 94104",US,San Francisco,CA,94104
ISF2,98 Post St.,"San Francisco, CA, 94104",US,San Francisco,CA,94104
ISF5,575 Market St,"San Francisco, CA, 94105",US,San Francisco,CA,94105
ISF4,3 Embarcadero Center,"San Francisco, CA, 94111",US,San Francisco,CA,94111
ISF3,845 Market St,"San Francisco, CA, 94103",US,San Francisco,CA,94103
ISE7,920 5th Avenue,"Seattle, WA, 98104",US,Seattle,WA,98104
ISE9,1122 Madison,"Seattle, WA, 98104",US,Seattle,WA,98104
XUXD,5000 Shelbyville Rd,"Louisville, KT, 40207",US,Louisville,KT,40207
VUGT,17789 Harvill Avenue,"PERRIS, CA, 92570",US,PERRIS,CA,92570
XUSI,101 Broome Corporate Pkwy Conklin,"CONKLIN, NY, 13748",US,CONKLIN,NY,13748
HSF9,44051 OSGOOD RD,"FREEMONT, CA, 94539",US,FREEMONT,CA,94539
FLJ1,"Plot No-88,89,90, 91 Bamnoli Village","New Delhi, WA, 98109",US,New Delhi,WA,98109
FLJ2,Nishat Nagor,"Tongi, WA, 98109",US,Tongi,WA,98109
XUSS,502 10th Ave. Algona,"AUBURN, WA, 98001",US,AUBURN,WA,98001
HJX9,2780 LLOYD RD,"JACKSONVILLE, FL, 32254",US,JACKSONVILLE,FL,32254
HDA9,2701 W. Bethel Rd.,"COPPELL, TX, 75019",US,COPPELL,TX,75019
HPH9,298 1ST AVE,"GOULDSBORO, PA, 18424-9492",US,GOULDSBORO,PA,18424-9492
HPD9,15000 N LOMBARD,"PORTLAND, OG, 97203-6814",US,PORTLAND,OG,97203-6814
HCM9,3538 TRADEPORT CT,"LOCKBOURNE, OH, 43137-9670",US,LOCKBOURNE,OH,43137-9670
HAT9,"2201 Thornton Road,","Lithia Springs, GE, 30122-3895",US,Lithia Springs,GE,30122-3895
HLA9,4375 N Perris Blvd.,"PERRIS, CA, 92571",US,PERRIS,CA,92571
HRC9,4949 Commerce Rd.,"RICHMOND, VA, 23234-2207",US,RICHMOND,VA,23234-2207
HDT9,12795 Premier Ctr. Ct,"PLYMOUTH, MN, 48170",US,PLYMOUTH,MN,48170
HTP9,3400 NW 35th Ave. Rd.,"OCALA, FL, 34475",US,OCALA,FL,34475
RSC1,1651 California St,"Redlands, CA, 92374",US,Redlands,CA,92374
MAB3,10354 Fairfax Blvd,"Fairfax, VA, 22030",US,Fairfax,VA,22030
MAG,3404 W Army Trail Rd,"Bloomingdale, IL, 60188",US,Bloomingdale,IL,60188
MAC2,1100 S Harbor Blvd,"Fullerton, CA, 92832",US,Fullerton,CA,92832
ABQ1,12907 Tempur Pedic Pkwy. NW,"ALBUQUERQUE, NM, 87120-8674",US,ALBUQUERQUE,NM,87120-8674
AGS1,2150 DISCOVERY DR,"APPLING, Georgia, 30802-0078",US,APPLING,Georgia,30802-0078
AGS2,429 Toy Wright Rd.,"Jefferson, Georgia, 30549-1614",US,Jefferson,Georgia,30549-1614
ASH1,267 LOWELL RD,"HUDSON, NH, 03051-4937",US,HUDSON,NH,03051-4937
AUS2,2000 E PECAN ST,"PFLUGERVILLE, TX, 78660",US,PFLUGERVILLE,TX,78660
AUS3,1618 EXCHANGE PKWY,"WACO, TX, 76712-6903",US,WACO,TX,76712-6903
BFL2,4500 Express Ave,"SHAFTER, CA, 93263",US,SHAFTER,CA,93263
BUR7,11200 Iberia St.,"MIRA LOMA, CA, 91752-3265",US,MIRA LOMA,CA,91752-3265
DEN4,4222 Integration Loop,"COLORADO SPRINGS, CO, 80916-5766",US,COLORADO SPRINGS,CO,80916-5766
DET3,1200 FEATHERSTONE RD,"PONTIAC, CI, 48342-1938",US,PONTIAC,CI,48342-1938
DEV3,6050 E MARGINAL WAY S,"SEATTLE, WA, 98108-3235",US,SEATTLE,WA,98108-3235
DPA7,9851 9851 FALLBROOK PINES DR # 150,"HOUSTON, TX, 77064-3329",US,HOUSTON,TX,77064-3329
FAT2,2525 N PLAZA DR,"VISALIA, CA, 93291-9308",US,VISALIA,CA,93291-9308
FOE1,9400 LEAVENWORTH RD,"KANSAS CITY, KS, 66109-3551",US,KANSAS CITY,KS,66109-3551
FTW5,1500 AKRON WAY,"FORNEY, TX, 75126-2300",US,FORNEY,TX,75126-2300
GYR2,17017 W INDIAN SCHOOL RD,"GOODYEAR, AZ, 85395-9223",US,GOODYEAR,AZ,85395-9223
HEA1,9 Livingstone St,"DORCHESTER CENTER, MA, 02124-3903",US,DORCHESTER CENTER,MA,02124-3903
HEA2,311Ella St,"PITTSBURGH, PA, 15224-1806",US,PITTSBURGH,PA,15224-1806
HGR2,1280 Wessel Blvd,"HAGERSTOWN, MD, 21740",US,HAGERSTOWN,MD,21740
HIL3,30260 Graaskamp Blvd,"WILMINGTON, IL, 60481-2007",US,WILMINGTON,IL,60481-2007
HMD3,13905 Crayton Blvd,"HAGERSTOWN, MD, 21742-2386",US,HAGERSTOWN,MD,21742-2386
HMW3,6651 Chippewa St,"SAINT LOUIS, MO, 63109-2538",US,SAINT LOUIS,MO,63109-2538
HMW4,263 E Whittier St,"COLUMBUS, OH, 43206-2323",US,COLUMBUS,OH,43206-2323
HOU6,10507 HARLEM RD,"RICHMOND, TX, 77407-9563",US,RICHMOND,TX,77407-9563
HOU9,22525 CLAY RD,"KATY, TX, 77449",US,KATY,TX,77449
HWE1,14 S. Massachusetts st,"SEATTLE, WA, 98134-1148",US,SEATTLE,WA,98134-1148
HWE2,9830 SE Washington st,"SEATTLE, WA, 98134-1148",US,SEATTLE,WA,98134-1148
IAH1,9155 SOUTHLINK DR,"DALLAS, TX, 75241-7510",US,DALLAS,TX,75241-7510
IAH2,9155 SOUTHLINK DR,"DALLAS, TX, 75241-7510",US,DALLAS,TX,75241-7510
ICT2,6960 N BROADWAY AVE,"PARK CITY, KA, 67219-1402",US,PARK CITY,KA,67219-1402
IGQ1,15924 WESTERN AVE,"MARKHAM, IL, 60428-4849",US,MARKHAM,IL,60428-4849
IGQ2,23289 S CENTRAL AVE,"MONEE, IL, 60449-9138",US,MONEE,IL,60449-9138
JAX7,10501 Cold Storage Rd,"JACKSONVILLE, FL, 32218",US,JACKSONVILLE,FL,32218
KRB4,4501 PATTERSON AVE,"PERRIS, CA, 92571-9722",US,PERRIS,CA,92571-9722
LIT1,7200 Zeuber Rd.,"LITTLE ROCK, AZ, 72206",US,LITTLE ROCK,AZ,72206
LUK7,649 OMEGA PKWY,"SHEPHERDSVILLE, KY, 40165-8501",US,SHEPHERDSVILLE,KY,40165-8501
MCI2,14500 BOTTS RD,"KANSAS CITY, MO, 64147-1302",US,KANSAS CITY,MO,64147-1302
MEM3,1615 COMMERCE PKWY N,"HORN LAKE, MI, 38637-2313",US,HORN LAKE,MI,38637-2313
MMU9,698 Rte. 46 W.,"TETERBORO, NJ, 7608",US,TETERBORO,NJ,7608
MQY1,6060 GOLDEN BEAR GTWY,"MOUNT JULIET, TN, 37122-1413",US,MOUNT JULIET,TN,37122-1413
MTN1,801 BOXWOOD RD,"WILMINGTON, DE, 19804-2041",US,WILMINGTON,DE,19804-2041
MTN7,913 OLD PHILADELPHIA RD,"ABERDEEN, MD, 21001-4024",US,ABERDEEN,MD,21001-4024
OAK9,6250 PROMONTORY PKWY,"TRACY, CA, 95377-8457",US,TRACY,CA,95377-8457
ORD5,7001 VOLLMER RD,"MATTESON, IL, 60443-1502",US,MATTESON,IL,60443-1502
ORF2,5045 PORTSMOUTH BLVD,"CHESAPEAKE, VT, 23321-1425",US,CHESAPEAKE,VT,23321-1425
ORF3,2020 NORTHGATE COMMERCE PKWY,"SUFFOLK, VT, 23435-2142",US,SUFFOLK,VT,23435-2142
PBI2,14680 Pk. of Commerce blvd,"JUPITER, FL, 33478",US,JUPITER,FL,33478
SAN3,6971 OTAY MESA RD,"SAN DIEGO, CA, 92154-5722",US,SAN DIEGO,CA,92154-5722
SBD1,3388 S Cactus Ave,"BLOOMINGTON, CA, 92316",US,BLOOMINGTON,CA,92316
SCK4,6001 S Austin Rd,"STOCKTON, CA, 95215",US,STOCKTON,CA,95215
SFL4,6337 Country Road 579,"Seffner, FL, 33584",US,Seffner,FL,33584
SGA2,1707 Blairs Bridge Rd,"Lithia Springs, GA, 30122-3120",US,Lithia Springs,GA,30122-3120
SIL3,"27W501 North Ave, Suite 100","West Chicago, IL, 60185",US,West Chicago,IL,60185
SMF6,6900 AIRPORT BLVD,"SACRAMENTO, CA, 95837-1109",US,SACRAMENTO,CA,95837-1109
SMN1,7500 Setzler Parkway,"BROOKLYN PARK, MN, 55445-1879",US,BROOKLYN PARK,MN,55445-1879
SNJ2,344 Hurffville Crosskeys rd,"SEWELL, NJ, 08080-9202",US,SEWELL,NJ,08080-9202
SNJ3,86 Stemmers Lane,"Westampton, NJ, 8060",US,Westampton,NJ,8060
SOH1,601 Lakeshore Ave OH,"CLEVELAND, OH, 44114-1015",US,CLEVELAND,OH,44114-1015
SOR3,530 SW 2nd Ave,"PORTLAND, OR, 97204-3431",US,PORTLAND,OR,97204-3431
STX6,Parmer Lane and SH 130,"Austin, TX, 78724",US,Austin,TX,78724
SWF1,635 INTERNATIONAL BLVD,"ROCK TAVERN, NY, 12575-5150",US,ROCK TAVERN,NY,12575-5150
SYR1,7211 MORGAN RD,"CLAY, NY, 13090-4534",US,CLAY,NY,13090-4534
TEB4,742 COURSES LANDING RD,"PENNS GROVE, NJ, 08069-2956",US,PENNS GROVE,NJ,08069-2956
TEN3,800 N 75TH AVE,"PHOENIX, AZ, 85043-2101",US,PHOENIX,AZ,85043-2101
TMB8,13720 SW 272ND ST,"HOMESTEAD, FL, 33032-7847",US,HOMESTEAD,FL,33032-7847
XLX2,3565 N AIRPORT WAY,"MANTECAA, CA, 95336-8696",US,MANTECAA,CA,95336-8696
XLX3,4375 N Perris Blvd,"PERRISA, CA, 92571",US,PERRISA,CA,92571
XLX4,4701 Commerce Rd.,"RICHMOND, VA, 23234",US,RICHMOND,VA,23234
RPNV,4950 Joule St.,"RENO, NJ, 89502",US,RENO,NJ,89502
RRPR,1910 International Way,"HEBRON, KT, 41048",US,HEBRON,KT,41048
RCLJ,3540 BIRTCHER DR,"LAS VEGAS, NV, 89119",US,LAS VEGAS,NV,89119
RPNC,165 One Genesis Way,"SPRUCE PINE, NC, 28777",US,SPRUCE PINE,NC,28777
RTPX,2700 Story Road West,"IRVING, TX, 75038",US,IRVING,TX,75038
IBF7,15230 NE 24th St,"Redmond, WA, 98052",US,Redmond,WA,98052
VUJC,9606 West Hills Ct Suite A,"KUTZTOWN, PA, 19530",US,KUTZTOWN,PA,19530
VUH1,0200 AMARGOSA RD,"HESPERIA, CA, 92345-0200",US,HESPERIA,CA,92345-0200
VUH2,2001 Commerce Parkway,"FRANKLIN, IN, 46131",US,FRANKLIN,IN,46131
VUH3,101 ONEIL ROAD,"SIDNEY, NY, 13838",US,SIDNEY,NY,13838
VUH4,2830 E Philadelphia Street,"ONTARIO, CA, 91761",US,ONTARIO,CA,91761
VUH5,800 W Stephens St,"ARLINGTON, TX, 76017",US,ARLINGTON,TX,76017
VUH6,5900 Long Creek Park Dr,"CHARLOTTE, NC, 28269",US,CHARLOTTE,NC,28269
VUH7,3355 E Cedar St,"ONTARIO, CA, 91761",US,ONTARIO,CA,91761
VUH8,4433 Fyler Avenue,"SAINT LOUIS, MO, 63116",US,SAINT LOUIS,MO,63116
VUH9,2325 Cottonwood Ave,"RIVERSIDE, CA, 92508",US,RIVERSIDE,CA,92508
VUI1,909 E 236th St,"CARSON, CA, 90745",US,CARSON,CA,90745
VUI2,101 Center Point Drive,"ROCHELLE, IL, 61068",US,ROCHELLE,IL,61068
VUI3,17150 Mercury St.,"OLATHE, KS, 66061",US,OLATHE,KS,66061
VUI4,303 Nelson Avenue,"NEOSHO, MO, 64850",US,NEOSHO,MO,64850
VUI5,13133 Innovation Way,"VICTORVILLE, CA, 92395",US,VICTORVILLE,CA,92395
VUI6,15835 San Antonio Ave.,"CHINO, CA, 91708",US,CHINO,CA,91708
VUI7,2801 North Houston School Road,"LANCASTER, TX, 75134",US,LANCASTER,TX,75134
VUI8,212 Progress Blvd,"KENT, OH, 44240",US,KENT,OH,44240
VUJ2,13052 Jurupa Ave,"FONTANA, CA, 92337",US,FONTANA,CA,92337
VURY,670 N Perkins St,"Appleton, WI, 54914",US,Appleton,WI,54914
HEW9,HEW9 343 HALF ACRE RD,"CRANBURY, NJ, 08512-3253",US,CRANBURY,NJ,08512-3253
VUMF,500 PALMETTO LOGISTICS PKWY,"PALMETTO, GA, 30268",US,PALMETTO,GA,30268
USD1,9269 Lightwave Ave,"SAN DIEGO, CA, 92123",US,SAN DIEGO,CA,92123
VUTF,16047 Mountain Ave,"CHINO, CA, 91708",US,CHINO,CA,91708
MAG1,6855 S La Cienega Blvd,"Los Angeles, CA, 90045",US,Los Angeles,CA,90045
MAC9,6235 E Spring St,"Long Beach, CA, 90808",US,Long Beach,CA,90808
MAF4,140 Promenade Way CA,"Westlake Village, CA, 91362",US,Westlake Village,CA,91362
MAG6,7005 Manchester Blvd,"Franconia, VA, 22310",US,Franconia,VA,22310
MAF1,5463 Wisconsin Ave,"Chevy Chase Village, MD, 20815",US,Chevy Chase Village,MD,20815
XUXZ,5540 minor lane,"LOUISVILLE, KY, 40219",US,LOUISVILLE,KY,40219
KCA6,1553 N Alder Ave,"RIALTO, CA, 92376-3024",US,RIALTO,CA,92376-3024
KCA8,1553 N Alder Ave,"RIALTO, CA, 92376-3024",US,RIALTO,CA,92376-3024
KGA6,3201 Centre Parkway,"ATLANTA, GA, 30344",US,ATLANTA,GA,30344
KGA8,3201 Centre Parkway,"ATLANTA, GA, 30344",US,ATLANTA,GA,30344
KIL6,3900 S Brandon Rd,"ELWOOD, IL, 60421-9705",US,ELWOOD,IL,60421-9705
KIL8,3900 S Brandon Rd,"ELWOOD, IL, 60421-9705",US,ELWOOD,IL,60421-9705
KMA6,400 ARLINGTON BLVD,"SWEDESBORO, NJ, 08085-1293",US,SWEDESBORO,NJ,08085-1293
KMA8,400 ARLINGTON BLVD,"SWEDESBORO, NJ, 08085-1293",US,SWEDESBORO,NJ,08085-1293
KTX6,1901 W AIRFIELD DR,"DALLAS, TX, 75261-4033",US,DALLAS,TX,75261-4033
KTX8,1901 W AIRFIELD DR,"DALLAS, TX, 72561-4033",US,DALLAS,TX,72561-4033
SNC3,5 National Way,"DURHAM, NC, 27703",US,DURHAM,NC,27703
TEB9,601 Randolph Rd.,"SOMERSET, NJ, 8873",US,SOMERSET,NJ,8873
UNY4,80 Grumman Rd W,"BETHPAGE, NY, 11714",US,BETHPAGE,NY,11714
IBF3,1920 Terry Ave N,"SEATTLE, WA, 98101",US,SEATTLE,WA,98101
XUSW,7911 S 188th St. No. 103,"KENT, WA, 98032",US,KENT,WA,98032
XUST,3251 De Forest Circle,"MIRA LOMA, CA, 91752",US,MIRA LOMA,CA,91752
MAG3,404 W Army Trail Rd,"BLOOMINGDALE, IL, 60188",US,BLOOMINGDALE,IL,60188
KRB3,8181 W ROOSEVELT ST,"PHOENIX, AZ, 85043-2356",US,PHOENIX,AZ,85043-2356
LFT1,3620 NW EVANGELINE TRWY,"CARENCRO, LA, 70520-5941",US,CARENCRO,LA,70520-5941
LIT2,13001 HIGHWAY 70,"NORTH LITTLE ROCK, AR, 72117-5026",US,NORTH LITTLE ROCK,AR,72117-5026
MSP6,9800 217th Street West,"LAKEVILLE, MN, 55044-8510",US,LAKEVILLE,MN,55044-8510
OKC2,8991 Portland Avenue,"OKLAHOMA CITY, OK, 73159",US,OKLAHOMA CITY,OK,73159
OMA2,14248 HIGHWAY 370,"OMAHA, NE, 68138-4098",US,OMAHA,NE,68138-4098
OXR1,3100 Sakioka Dr,"OXNARD, CA, 93030-8966",US,OXNARD,CA,93030-8966
POD1,560 Merrimac Avenue,"MIDDLETOWN, DE, 19709",US,MIDDLETOWN,DE,19709
POD4,14601 Grant Street,"THORNTON, CO, 80023",US,THORNTON,CO,80023
RAD1,3818 LOGISTICS WAY,"ANTIOCH, TN, 37013-4189",US,ANTIOCH,TN,37013-4189
SAT4,10384 W US HIGHWAY 90,"SAN ANTONIO, TX, 78245-9512",US,SAN ANTONIO,TX,78245-9512
SAT6,1346 Fortuna Road,"SAN MARCOS, TX, 78666",US,SAN MARCOS,TX,78666
SAX3,1245 N SPRING ST,"LOS ANGELES, CA, 90012-1838",US,LOS ANGELES,CA,90012-1838
SAX4,5239 N FIGUEROA ST,"LOS ANGELES, CA, 90042-4018",US,LOS ANGELES,CA,90042-4018
SAX5,725 CROCKER ST,"LOS ANGELES, CA, 90021-1411",US,LOS ANGELES,CA,90021-1411
SIN9,305 Chaney Ave.,"GREENWOOD, IN, 46143",US,GREENWOOD,IN,46143
SMF7,4800 Midway Road,"VACAVILLE, CA, 95688-9602",US,VACAVILLE,CA,95688-9602
SMI1,1400 E 10 MILE RD,"HAZEL PARK, MI, 48030-1263",US,HAZEL PARK,MI,48030-1263
SNC2,10622 BRYTON CORPORATE CENTER DR,"HUNTERSVILLE, NC, 28078-0654",US,HUNTERSVILLE,NC,28078-0654
SNC3,5 NATIONAL DR,"DURHAM, NC, 27703-9950",US,DURHAM,NC,27703-9950
SNV1,5115 DEAN MARTIN DR STE 101,"LAS VEGAS, NV, 89118-1744",US,LAS VEGAS,NV,89118-1744
SNY4,274 36TH ST,"BROOKLYN, NY, 11232-2408",US,BROOKLYN,NY,11232-2408
SNY5,4-09 47TH RD,"LONG ISLAND CITY, NY, 10007-0009",US,LONG ISLAND CITY,NY,10007-0009
SOH2,472 E PETE ROSE WAY,"CINCINNATI, OH, 45202",US,CINCINNATI,OH,45202
STL3,3200 E Sawyer Rd,"BROOKLINE, MO, 65619",US,BROOKLINE,MO,65619
STX7,3660 Thousand Oaks Dr,"SAN ANTONIO, TX, 78247-3123",US,SAN ANTONIO,TX,78247-3123
SUT1,6338 West 700 North,"SALT LAKE CITY, UT, 84116",US,SALT LAKE CITY,UT,84116
SWI1,3025 W HOPKINS ST,"MILWAUKEE, WI, 53216-2650",US,MILWAUKEE,WI,53216-2650
TON3,5540 Mino Lane,"LOUISVILLE, KY, 40219",US,LOUISVILLE,KY,40219
TPA4,8706 HARNEY RD,"TEMPLE TERRACE, FL, 33637-6716",US,TEMPLE TERRACE,FL,33637-6716
VGT1,5802 E Tropical Parkway,"LAS VEGAS, NV, 89115",US,LAS VEGAS,NV,89115
VGT2,6401 Howdy Wells Ave,"LAS VEGAS, NV, 89115",US,LAS VEGAS,NV,89115
ZAP1,9101 Minor Lane,"LOUISVILLE, KY, 40219",US,LOUISVILLE,KY,40219
ZAP2,9101 Minor Lane,"LOUISVILLE, KY, 40219",US,LOUISVILLE,KY,40219
ZAP3,12415 OLD LAGRANGE RD,"LOUISVILLE, KY, 40245-1959",US,LOUISVILLE,KY,40245-1959
UNY5,55 Bay St Brooklyn,"BROOKLYN, NY, 11231",US,BROOKLYN,NY,11231
VUJE,355 Byrd Avenue,"NEENAH, WI, 54956",US,NEENAH,WI,54956
ARR1,4200 FERRY RD,"AURORA, IL, 60502-9552",US,AURORA,IL,60502-9552
ASH2,15 STEELE RD,"HUDSON, NH, 03051-5223",US,HUDSON,NH,03051-5223
BDL4,1215 KENNEDY RD,"WINDSOR, CT, 06095-1345",US,WINDSOR,CT,06095-1345
BFI9,3230 INTERNATIONAL PL,"DUPONT, WA, 98327-7707",US,DUPONT,WA,98327-7707
CLT6,12220 Carolina Logistics Drive,"PINEVILLE, NC, 28134",US,PINEVILLE,NC,28134
DTW3,33701 Prescott Road,"ROMULUS, MI, 48174",US,ROMULUS,MI,48174
ELP1,12101 EMERALD PASS DR,"EL PASO, TX, 79928-7808",US,EL PASO,TX,79928-7808
FAR1,3701 40TH AVE N,"FARGO, ND, 58102-7400",US,FARGO,ND,58102-7400
FWA4,9800 SMITH RD,"FORT WAYNE, IN, 46809-9771",US,FORT WAYNE,IN,46809-9771
GEG2,18007 E Garland Ave,"SPOKANE, WA, 99216",US,SPOKANE,WA,99216
HGA6,97 PEACHTREE ST SW,"ATLANTA, GA, 30303-3409",US,ATLANTA,GA,30303-3409
HNC3,1850 E 3RD ST,"CHARLOTTE, NC, 28204-3238",US,CHARLOTTE,NC,28204-3238
HOU8,2303 Hurricane Lane,"FRESNO, TX, 77545",US,FRESNO,TX,77545
HSF6,1401 GRIFFITH ST,"SAN FRANCISCO, CA, 94124-3400",US,SAN FRANCISCO,CA,94124-3400
HSV1,0 Greenbrier Parkway,"MADISON, AL, 35756",US,MADISON,AL,35756
HTN3,555 EXPRESSWAY PARK DR,"NASHVILLE, TN, 37210-2845",US,NASHVILLE,TN,37210-2845
HTX3,1755 FEDERAL RD,"HOUSTON, TX, 77015-6794",US,HOUSTON,TX,77015-6794
HWA4,2101 N NORTHLAKE WAY,"SEATTLE, WA, 98103-9122",US,SEATTLE,WA,98103-9122
ILG1,780 S. DuPont Highway,"NEW CASTLE, DE, 19720",US,NEW CASTLE,DE,19720
ORF2,9603 Coach Road,,,,,
FWA4,9798 Smith Road,,,,,
